id,utype,ev,ada,status,stall,t_arrive,t_gate_in,t_gate_done,t_parked,t_leave,t_exit_queue,t_exit_done,search_min
0,staff,False,False,exited,40,301.85,301.85,301.89,302.45,694.68,695.24,695.26,0.56
1,visitor,False,False,exited,0,312.88,312.88,313.25,313.6,537.38,537.73,538.18,0.35
2,student,False,False,exited,277,318.24,318.24,318.33,319.59,393.59,394.85,394.9,1.26
3,staff,False,False,exited,41,324.51,324.51,324.56,325.12,1020.51,1021.07,1021.17,0.56
4,staff,True,False,exited,195,326.2,326.2,326.29,327.29,553.37,554.36,554.48,1.0
5,student,False,False,exited,278,333.21,333.21,333.32,334.58,406.85,408.11,408.26,1.26
6,student,False,False,exited,279,333.55,333.55,333.7,334.97,653.56,654.83,654.86,1.27
7,staff,False,False,exited,43,338.08,338.08,338.16,338.74,754.04,754.61,754.72,0.57
8,visitor,False,False,exited,1,361.36,361.36,362.23,362.58,492.8,493.15,493.83,0.35
9,staff,False,False,exited,44,363.5,363.5,363.65,364.23,871.38,871.95,872.0,0.57
10,visitor,False,False,exited,2,365.26,365.26,365.73,366.09,439.44,439.81,440.31,0.37
11,visitor,False,False,exited,3,365.4,365.4,365.81,366.18,421.55,421.91,422.37,0.37
12,student,False,False,exited,280,367.08,367.08,367.26,368.53,511.11,512.37,512.46,1.27
13,staff,False,False,exited,45,369.14,369.14,369.25,369.82,915.2,915.78,915.85,0.58
14,student,False,False,exited,281,369.68,369.68,369.77,371.05,619.17,620.44,620.48,1.27
15,visitor,False,False,exited,4,370.02,370.02,370.8,371.19,448.64,449.02,449.26,0.38
16,student,True,False,exited,196,374.04,374.04,374.08,375.08,1013.28,1014.28,1014.34,1.0
17,student,False,False,exited,282,376.88,376.88,377.06,378.34,505.51,506.78,506.85,1.27
18,visitor,False,False,exited,5,377.62,377.62,378.08,378.46,441.52,441.9,442.05,0.38
19,student,False,False,exited,283,378.09,378.09,378.15,379.43,530.02,531.3,531.36,1.28
20,staff,False,False,exited,46,381.71,381.71,381.77,382.35,896.22,896.8,896.91,0.58
21,student,False,False,exited,284,382.86,382.86,382.93,384.21,497.57,498.85,498.89,1.28
22,visitor,False,False,exited,6,384.38,384.38,384.66,385.06,421.99,422.39,422.66,0.4
23,visitor,False,True,exited,42,386.77,386.77,387.19,387.76,485.8,486.37,487.06,0.57
24,student,False,False,exited,285,387.71,387.71,387.8,389.09,709.15,710.44,710.61,1.28
25,staff,False,False,exited,48,390.06,390.06,390.24,390.83,845.28,845.87,845.97,0.59
26,student,False,False,exited,286,393.42,393.42,393.57,394.85,515.18,516.46,516.55,1.28
27,student,False,False,exited,277,397.82,397.82,397.88,399.14,461.59,462.84,462.93,1.26
28,staff,False,False,exited,49,399.71,399.71,399.75,400.34,925.81,926.4,926.51,0.59
29,staff,False,False,exited,50,399.86,399.86,399.97,400.57,968.98,969.58,969.62,0.59
30,student,False,False,exited,287,401.78,401.78,401.9,403.19,673.08,674.37,674.44,1.29
31,student,False,False,exited,288,403.34,403.34,403.45,404.74,549.64,550.93,551.04,1.29
32,staff,False,False,exited,51,407.03,407.03,407.11,407.71,713.18,713.77,713.89,0.59
33,student,False,False,exited,278,408.84,408.84,408.89,410.15,485.66,486.92,487.02,1.26
34,student,True,False,exited,201,411.2,411.2,411.33,412.34,546.97,547.98,548.05,1.01
35,student,False,False,exited,289,420.84,420.84,420.93,422.22,576.71,578.01,578.11,1.3
36,student,True,False,exited,202,421.3,421.3,421.39,422.4,650.37,651.38,651.52,1.01
37,staff,False,False,exited,53,421.37,421.37,421.45,422.05,812.52,813.13,813.23,0.61
38,student,False,False,exited,290,422.24,422.24,422.34,423.63,516.87,518.16,518.21,1.3
39,student,False,False,exited,291,422.5,422.5,422.66,423.96,556.88,558.18,558.27,1.3
40,visitor,False,False,exited,3,422.69,422.69,422.9,423.27,611.89,612.26,612.6,0.37
41,student,False,False,exited,292,424.96,424.96,425.05,426.35,833.3,834.6,834.64,1.3
42,staff,False,False,exited,54,425.07,425.07,425.1,425.71,909.32,909.92,910.0,0.61
43,student,False,False,exited,293,425.67,425.67,425.74,427.04,749.56,750.86,751.04,1.3
44,staff,False,False,exited,55,425.78,425.78,425.86,426.47,802.09,802.7,802.79,0.61
45,staff,False,False,exited,56,426.2,426.2,426.27,426.88,767.49,768.1,768.18,0.61
46,visitor,False,False,exited,6,426.46,426.46,427.09,427.49,498.57,498.97,499.12,0.4
47,student,False,False,exited,294,426.51,426.51,426.58,427.89,659.71,661.01,661.2,1.3
48,student,False,True,exited,47,427.31,427.31,427.39,427.97,591.01,591.6,591.67,0.59
49,staff,False,False,exited,59,427.37,427.37,427.47,428.09,871.58,872.2,872.27,0.62
50,student,False,False,exited,295,427.91,427.91,427.97,429.29,546.22,547.54,547.74,1.31
51,student,False,False,exited,296,428.41,428.41,428.61,429.93,550.11,551.42,551.49,1.31
52,student,False,False,exited,297,428.63,428.63,428.72,430.04,569.99,571.31,571.38,1.32
53,visitor,False,False,exited,7,428.67,428.67,428.98,429.38,497.97,498.37,498.78,0.4
54,staff,False,False,exited,60,429.2,429.2,429.46,430.08,820.5,821.12,821.16,0.62
55,staff,True,False,exited,207,429.88,429.88,429.96,430.99,768.6,769.63,769.79,1.03
56,staff,False,False,exited,61,430.24,430.24,430.28,430.91,810.58,811.21,811.27,0.63
57,student,False,False,exited,298,430.61,430.61,430.68,432.0,608.75,610.07,610.14,1.32
58,student,False,False,exited,299,430.76,430.76,430.89,432.21,564.03,565.35,565.45,1.32
59,student,False,False,exited,300,431.79,431.79,431.85,433.17,542.58,543.9,544.02,1.32
60,staff,True,False,exited,208,432.14,432.14,432.19,433.23,766.72,767.74,767.85,1.03
61,student,False,False,exited,301,433.78,433.78,433.89,435.22,551.48,552.8,552.87,1.33
62,visitor,False,False,exited,8,433.81,433.81,434.16,434.58,447.92,448.34,448.6,0.42
63,staff,False,False,exited,62,434.46,434.46,434.68,435.31,844.32,844.94,845.02,0.63
64,student,False,False,exited,302,435.36,435.36,435.43,436.76,513.84,515.17,515.28,1.33
65,student,False,False,exited,303,435.75,435.75,435.8,437.14,693.49,694.83,694.91,1.34
66,student,False,False,exited,304,435.95,435.95,436.0,437.33,533.58,534.91,534.98,1.33
67,visitor,False,False,exited,9,436.02,436.02,436.32,436.74,543.08,543.49,543.8,0.42
68,visitor,False,False,exited,10,436.33,436.33,436.68,437.12,461.97,462.4,462.69,0.44
69,visitor,False,False,exited,11,436.87,436.87,437.06,437.5,500.53,500.96,501.42,0.43
70,student,False,False,exited,305,437.46,437.46,437.64,438.98,551.33,552.67,552.75,1.34
71,student,False,False,exited,306,438.36,438.36,438.4,439.74,607.89,609.22,609.34,1.34
72,student,False,False,exited,307,438.62,438.62,438.67,440.02,552.55,553.9,554.01,1.35
73,student,False,False,exited,308,438.96,438.96,439.03,440.38,533.7,535.05,535.09,1.35
74,student,False,False,exited,309,439.03,439.03,439.23,440.58,574.93,576.28,576.38,1.35
75,student,False,False,exited,310,439.79,439.79,439.86,441.21,740.71,742.06,742.09,1.35
76,visitor,False,False,exited,2,439.89,439.89,440.24,440.62,526.93,527.3,527.51,0.38
77,student,True,False,exited,213,440.81,440.81,440.84,441.89,566.42,567.46,567.53,1.05
78,student,False,False,exited,311,442.26,442.26,442.34,443.7,672.22,673.57,673.68,1.36
79,staff,False,False,exited,63,442.42,442.42,442.56,443.2,754.78,755.42,755.47,0.64
80,student,True,False,exited,214,444.95,444.95,445.08,446.13,806.21,807.25,807.3,1.05
81,staff,False,False,exited,65,445.93,445.93,445.99,446.64,920.14,920.78,920.83,0.64
82,staff,False,False,exited,66,446.11,446.11,446.29,446.93,960.62,961.25,961.29,0.64
83,visitor,False,False,exited,5,446.33,446.33,446.74,447.12,514.45,514.83,515.01,0.39
84,staff,True,False,exited,219,446.96,446.96,447.05,448.12,940.53,941.59,941.65,1.07
85,student,False,False,exited,312,447.35,447.35,447.41,448.76,586.59,587.94,588.0,1.36
86,staff,False,False,exited,67,448.41,448.41,448.61,449.26,758.66,759.3,759.42,0.65
87,student,False,True,exited,52,448.94,448.94,449.02,449.63,596.51,597.11,597.15,0.61
88,student,False,True,exited,57,449.2,449.2,449.29,449.91,539.1,539.72,539.81,0.62
89,student,False,False,exited,313,449.44,449.44,449.67,451.04,573.18,574.54,574.65,1.37
90,student,False,False,exited,314,449.64,449.64,449.69,451.06,697.72,699.08,699.17,1.37
91,staff,False,False,exited,68,450.04,450.04,450.23,450.88,783.44,784.08,784.16,0.65
92,student,False,False,exited,315,450.38,450.38,450.43,451.8,656.79,658.16,658.23,1.37
93,student,False,False,exited,316,450.9,450.9,450.93,452.3,819.84,821.21,821.25,1.37
94,student,False,False,exited,317,451.13,451.13,451.21,452.58,584.22,585.59,585.72,1.38
95,staff,False,False,exited,69,451.24,451.24,451.34,451.99,748.92,749.57,749.73,0.66
96,student,False,False,exited,318,453.24,453.24,453.39,454.77,551.59,552.96,553.06,1.38
97,staff,True,False,exited,220,453.29,453.29,453.42,454.49,930.29,931.35,931.39,1.08
98,staff,False,False,exited,71,454.3,454.3,454.36,455.03,906.23,906.89,907.0,0.66
99,student,False,False,exited,319,454.75,454.75,454.82,456.21,726.23,727.61,727.65,1.38
100,staff,False,False,exited,72,454.86,454.86,454.96,455.62,851.3,851.96,852.0,0.66
101,student,False,False,exited,320,455.05,455.05,455.11,456.5,663.1,664.48,664.62,1.39
102,student,True,False,exited,223,455.26,455.26,455.51,456.61,657.75,658.83,658.89,1.1
103,staff,False,False,exited,73,455.45,455.45,455.56,456.23,786.09,786.75,786.84,0.67
104,visitor,False,False,exited,4,455.96,455.96,456.15,456.55,530.96,531.34,531.82,0.4
105,student,False,False,exited,321,457.64,457.64,457.71,459.09,705.56,706.94,707.11,1.39
106,student,False,False,exited,322,458.99,458.99,459.2,460.59,547.15,548.53,548.66,1.39
107,student,False,False,exited,323,459.57,459.57,459.64,461.04,853.67,855.05,855.1,1.4
108,student,False,False,exited,324,459.7,459.7,459.87,461.26,676.39,677.77,677.85,1.39
109,staff,False,False,exited,74,460.33,460.33,460.41,461.08,1218.83,1219.48,1219.57,0.67
110,student,False,False,exited,325,460.66,460.66,460.73,462.14,637.1,638.49,638.53,1.4
111,staff,False,False,exited,75,461.98,461.98,462.07,462.76,840.69,841.36,841.42,0.68
112,student,False,False,exited,277,463.01,463.01,463.17,464.43,643.48,644.74,644.84,1.27
113,staff,False,False,exited,77,463.17,463.17,463.25,463.94,900.62,901.29,901.36,0.69
114,staff,False,False,exited,78,463.62,463.62,463.75,464.44,751.26,751.93,752.02,0.68
115,staff,False,False,exited,79,464.81,464.81,464.89,465.58,802.59,803.26,803.36,0.69
116,student,False,False,exited,326,464.92,464.92,465.0,466.4,642.81,644.2,644.24,1.4
117,student,False,False,exited,327,465.51,465.51,465.56,466.98,566.25,567.65,567.73,1.42
118,student,True,False,exited,224,466.12,466.12,466.19,467.3,640.16,641.24,641.33,1.1
119,student,False,False,exited,328,466.32,466.32,466.41,467.82,1024.54,1025.93,1026.04,1.42
120,student,False,False,exited,329,466.64,466.64,466.69,468.12,700.75,702.15,702.2,1.42
121,student,False,False,exited,330,466.73,466.73,466.9,468.32,707.58,708.98,709.09,1.42
122,staff,True,False,exited,227,466.96,466.96,467.02,468.14,845.41,846.5,846.58,1.12
123,student,False,False,exited,331,468.5,468.5,468.73,470.17,571.85,573.26,573.33,1.43
124,staff,False,False,exited,80,469.58,469.58,469.66,470.35,783.55,784.23,784.37,0.69
125,student,False,False,exited,332,469.79,469.79,469.83,471.25,585.25,586.66,586.8,1.42
126,staff,True,False,exited,228,469.87,469.87,469.95,471.06,883.59,884.69,884.77,1.12
127,student,False,False,exited,333,471.4,471.4,471.5,472.93,607.26,608.67,608.82,1.43
128,student,False,False,exited,334,472.47,472.47,472.57,474.01,816.44,817.86,818.03,1.44
129,student,False,False,exited,335,473.45,473.45,473.51,474.95,616.36,617.78,617.84,1.44
130,visitor,False,False,exited,8,473.5,473.5,473.89,474.32,608.76,609.17,610.09,0.44
131,student,False,False,exited,336,473.61,473.61,473.63,475.07,627.56,628.98,629.01,1.44
132,student,False,False,exited,337,473.77,473.77,473.87,475.33,883.29,884.71,884.82,1.46
133,student,False,False,exited,338,474.16,474.16,474.29,475.75,829.25,830.67,830.76,1.46
134,staff,False,False,exited,81,474.51,474.51,474.64,475.34,888.84,889.52,889.57,0.7
135,student,False,False,exited,339,474.96,474.96,475.09,476.53,540.96,542.39,542.43,1.45
136,student,True,False,exited,231,475.51,475.51,475.62,476.78,697.95,699.06,699.15,1.16
137,student,True,False,exited,232,476.16,476.16,476.21,477.35,611.04,612.15,612.2,1.14
138,visitor,False,False,exited,10,476.21,476.21,476.69,477.15,732.84,733.27,733.4,0.47
139,student,False,False,exited,340,476.27,476.27,476.32,477.78,597.42,598.85,598.92,1.46
140,student,False,False,exited,341,477.17,477.17,477.21,478.66,577.01,578.45,578.65,1.45
141,visitor,False,False,exited,12,477.51,477.51,477.72,478.22,553.56,554.01,554.54,0.5
142,student,True,False,exited,233,477.71,477.71,477.83,478.99,653.94,655.05,655.1,1.17
143,student,False,False,exited,342,478.15,478.15,478.22,479.67,595.91,597.34,597.42,1.45
144,student,False,False,exited,343,478.31,478.31,478.44,479.92,631.1,632.55,632.63,1.48
145,student,False,False,exited,344,479.54,479.54,479.66,481.15,560.79,562.23,562.33,1.49
146,student,True,False,exited,234,480.74,480.74,480.8,481.96,698.18,699.29,699.36,1.16
147,student,False,False,exited,345,481.07,481.07,481.11,482.58,661.89,663.33,663.38,1.47
148,staff,False,False,exited,82,481.27,481.27,481.33,482.05,839.94,840.62,840.81,0.72
149,staff,False,False,exited,83,481.49,481.49,481.59,482.31,929.15,929.84,930.03,0.72
150,student,False,False,exited,346,482.61,482.61,482.77,484.25,570.79,572.24,572.33,1.48
151,student,False,False,exited,347,482.96,482.96,482.99,484.5,664.1,665.55,665.64,1.51
152,student,False,False,exited,348,483.12,483.12,483.29,484.76,540.4,541.85,541.98,1.48
153,visitor,False,False,exited,13,483.2,483.2,483.57,484.08,631.59,632.04,632.43,0.51
154,student,False,False,exited,349,483.32,483.32,483.52,485.03,959.84,961.3,961.36,1.51
155,staff,False,False,exited,84,483.99,483.99,484.04,484.75,1064.24,1064.92,1065.02,0.71
156,student,False,False,exited,350,485.07,485.07,485.14,486.65,659.16,660.62,660.67,1.51
157,staff,False,False,exited,85,485.26,485.26,485.39,486.12,1053.03,1053.72,1053.75,0.73
158,student,False,False,exited,278,485.7,485.7,485.82,487.12,751.01,752.28,752.34,1.29
159,staff,False,False,exited,86,485.71,485.71,485.82,486.55,969.56,970.25,970.35,0.73
160,student,False,True,exited,42,485.95,485.95,486.23,486.86,539.0,539.57,539.65,0.63
161,visitor,False,False,exited,14,486.1,486.1,486.96,487.49,648.73,649.19,649.48,0.53
162,student,False,False,exited,351,486.32,486.32,486.44,487.96,696.58,698.04,698.1,1.52
163,staff,False,False,exited,87,486.35,486.44,486.59,487.33,960.89,961.59,961.67,0.75
164,staff,False,False,exited,88,486.55,486.59,486.69,487.45,906.05,906.75,906.85,0.76
165,visitor,False,False,exited,15,486.93,486.93,487.18,487.71,519.56,520.02,520.17,0.53
166,student,False,False,exited,352,487.03,487.03,487.18,488.69,560.88,562.34,562.43,1.51
167,student,False,False,exited,354,487.11,487.18,487.32,488.85,602.04,603.51,603.61,1.54
168,student,False,False,exited,353,487.18,487.18,487.25,488.78,626.34,627.81,627.91,1.53
169,student,False,False,exited,355,487.32,487.32,487.35,488.86,658.73,660.21,660.27,1.51
170,student,False,False,exited,356,487.43,487.43,487.47,489.0,602.2,603.68,603.69,1.54
171,visitor,False,False,exited,17,487.86,487.86,488.43,488.94,545.38,545.84,546.0,0.51
172,visitor,False,False,exited,16,487.93,487.93,488.31,488.82,533.27,533.73,533.88,0.51
173,student,False,False,exited,357,488.07,488.31,488.42,489.95,700.33,701.81,701.94,1.53
174,staff,False,False,exited,89,488.24,488.42,488.48,489.24,973.49,974.2,974.31,0.77
175,staff,True,False,exited,236,488.39,488.43,488.53,489.7,881.46,882.58,882.72,1.17
176,visitor,False,False,exited,18,488.42,488.48,488.95,489.5,620.4,620.88,621.55,0.55
177,student,False,False,exited,358,488.63,488.63,488.76,490.3,803.55,805.03,805.18,1.55
178,student,False,False,exited,359,488.77,488.77,488.86,490.42,670.72,672.2,672.34,1.56
179,staff,False,False,exited,90,488.87,488.87,488.97,489.74,1138.55,1139.25,1139.35,0.77
180,student,False,False,exited,360,489.22,489.22,489.28,490.83,671.36,672.84,672.91,1.54
181,student,False,False,exited,361,489.46,489.46,489.59,491.14,691.27,692.76,692.84,1.55
182,visitor,False,False,exited,19,489.93,489.93,490.5,491.06,547.75,548.23,548.97,0.56
183,visitor,False,False,exited,20,490.28,490.28,490.61,491.22,565.95,566.43,566.91,0.61
184,visitor,False,False,exited,21,490.48,490.5,491.47,492.0,720.43,720.91,721.13,0.53
185,staff,False,False,exited,91,490.89,490.89,490.93,491.73,1005.72,1006.43,1006.5,0.8
186,student,True,False,exited,237,491.99,491.99,492.09,493.29,704.7,705.82,705.96,1.2
187,student,False,False,exited,362,492.14,492.14,492.23,493.77,652.96,654.45,654.56,1.53
188,student,False,False,exited,364,493.95,493.95,494.08,495.66,741.64,743.13,743.18,1.59
189,student,False,False,exited,363,493.96,493.96,494.04,495.6,755.59,757.09,757.12,1.56
190,student,False,False,exited,365,494.2,494.2,494.3,495.89,670.61,672.11,672.17,1.59
191,staff,False,False,exited,92,494.2,494.2,494.27,495.02,874.37,875.08,875.16,0.75
192,student,False,False,exited,366,494.87,494.87,494.94,496.5,640.68,642.18,642.25,1.56
193,staff,False,False,exited,93,494.96,494.96,495.02,495.83,994.17,994.89,995.06,0.82
194,student,False,False,exited,367,495.2,495.2,495.29,496.91,591.1,592.61,592.65,1.62
195,student,False,False,exited,368,495.99,495.99,496.06,497.61,676.96,678.46,678.59,1.56
196,student,False,False,exited,369,496.23,496.23,496.37,497.93,676.33,677.84,677.9,1.56
197,student,False,False,exited,370,497.08,497.08,497.18,498.76,931.49,933.0,933.08,1.57
198,staff,False,False,exited,94,497.19,497.19,497.22,498.06,1045.37,1046.09,1046.13,0.83
199,student,False,False,exited,371,497.29,497.29,497.38,499.03,767.12,768.64,768.65,1.65
200,student,False,False,exited,284,497.72,497.72,497.85,499.22,601.62,602.9,603.05,1.37
201,staff,False,False,exited,95,497.81,497.81,497.93,498.78,905.29,906.01,906.1,0.85
202,student,False,False,exited,372,498.06,498.06,498.18,499.75,843.76,845.27,845.32,1.57
203,student,False,False,exited,373,498.12,498.12,498.19,499.82,674.47,675.99,676.07,1.63
204,student,False,False,exited,374,498.62,498.62,498.82,500.4,709.3,710.83,710.94,1.58
205,student,False,False,exited,375,498.87,498.87,498.89,500.48,627.94,629.47,629.51,1.6
206,staff,False,False,exited,96,499.08,499.08,499.15,499.98,1084.18,1084.9,1085.03,0.83
207,student,False,False,exited,376,499.65,499.65,499.74,501.35,715.75,717.28,717.35,1.62
208,student,False,False,exited,377,499.7,499.7,499.78,501.46,726.55,728.09,728.13,1.68
209,student,False,False,exited,378,500.02,500.02,500.18,501.77,739.44,740.97,741.03,1.59
210,student,False,False,exited,379,501.85,501.85,501.89,503.57,686.59,688.13,688.15,1.68
211,student,False,False,exited,380,501.98,501.98,502.05,503.72,662.01,663.55,663.61,1.68
212,staff,False,False,exited,97,502.05,502.05,502.11,502.89,919.17,919.9,919.98,0.78
213,student,False,True,exited,58,502.42,502.42,502.49,503.19,625.78,626.4,626.48,0.7
214,student,True,False,exited,238,502.45,502.45,502.54,503.89,702.61,703.73,703.84,1.34
215,student,True,False,exited,239,502.58,502.58,502.77,504.06,685.25,686.37,686.42,1.29
216,student,False,False,exited,381,502.77,502.77,502.92,504.59,612.92,614.47,614.59,1.67
217,student,False,False,exited,382,503.0,503.0,503.06,504.71,893.45,894.99,895.05,1.66
218,staff,False,False,exited,98,503.11,503.11,503.19,504.07,868.77,869.5,869.54,0.89
219,visitor,False,False,exited,1,503.62,503.62,503.93,504.49,566.28,566.63,566.96,0.57
220,student,False,False,exited,383,503.85,503.85,503.94,505.68,1112.06,1113.6,1113.71,1.74
221,student,False,False,exited,384,504.75,504.75,504.85,506.46,605.89,607.44,607.5,1.62
222,visitor,False,False,exited,6,504.98,504.98,505.4,505.89,762.18,762.58,762.77,0.49
223,student,False,False,exited,385,505.01,505.01,505.1,506.79,730.72,732.27,732.31,1.7
224,student,False,False,exited,386,505.12,505.12,505.3,507.0,571.75,573.3,573.44,1.7
225,student,False,False,exited,387,505.15,505.3,505.47,507.2,833.19,834.75,834.83,1.73
226,staff,False,False,exited,99,505.55,505.55,505.71,506.59,829.09,829.82,829.89,0.88
227,staff,False,False,exited,100,506.27,506.27,506.36,507.2,907.81,908.54,908.59,0.84
228,student,False,False,exited,282,506.54,506.54,506.61,508.06,683.28,684.55,684.76,1.45
229,visitor,False,False,exited,7,507.23,507.23,507.79,508.47,607.23,607.63,607.78,0.67
230,student,False,False,exited,388,507.26,507.26,507.43,509.19,573.44,575.0,575.11,1.75
231,student,False,False,exited,389,507.51,507.51,507.61,509.39,621.29,622.86,623.01,1.78
232,student,False,False,exited,390,507.77,507.77,507.87,509.59,804.31,805.87,805.91,1.73
233,student,False,False,exited,391,507.96,507.96,508.03,509.69,696.45,698.02,698.13,1.66
234,student,False,False,exited,392,508.04,508.04,508.21,509.97,670.54,672.12,672.2,1.76
235,student,False,True,exited,64,508.67,508.67,508.85,509.62,664.44,665.07,665.16,0.77
236,student,False,False,exited,393,508.76,508.76,508.89,510.7,715.44,717.01,717.1,1.81
237,staff,False,False,exited,101,508.85,508.85,508.91,509.76,818.88,819.62,819.68,0.85
238,student,False,False,exited,394,509.32,509.32,509.36,511.17,779.42,781.0,781.09,1.81
239,student,False,False,exited,395,509.53,509.53,509.62,511.46,616.78,618.35,618.52,1.83
240,staff,False,True,exited,70,510.27,510.27,510.32,511.05,1013.69,1014.34,1014.52,0.74
241,student,False,False,exited,396,510.85,510.85,510.89,512.72,699.21,700.79,700.85,1.82
242,staff,False,False,exited,102,511.36,511.36,511.42,512.26,918.35,919.08,919.13,0.84
243,staff,False,False,exited,103,511.43,511.43,511.61,512.49,1012.27,1013.01,1013.09,0.88
244,staff,False,True,exited,76,511.85,511.85,511.93,512.82,972.17,972.84,972.97,0.89
245,student,False,False,exited,280,511.96,511.96,512.1,513.53,850.5,851.76,851.83,1.43
246,student,False,False,exited,398,512.13,512.13,512.27,514.14,807.08,808.67,808.73,1.87
247,student,False,False,exited,397,512.16,512.16,512.21,513.99,615.61,617.2,617.28,1.79
248,student,False,False,exited,399,513.18,513.18,513.22,514.99,834.45,836.04,836.11,1.77
249,student,False,False,exited,400,513.31,513.31,513.4,515.15,684.05,685.64,685.68,1.75
250,student,False,False,exited,302,513.9,513.9,514.08,515.65,694.61,695.94,696.04,1.58
251,student,False,False,exited,401,514.27,514.27,514.37,516.25,637.79,639.39,639.51,1.88
252,student,False,False,exited,402,514.35,514.35,514.51,516.22,720.37,721.96,722.04,1.71
253,student,False,False,exited,403,514.87,514.87,515.02,516.76,792.67,794.28,794.34,1.74
254,staff,False,False,exited,104,515.3,515.3,515.37,516.26,890.03,890.77,890.82,0.89
255,visitor,False,False,exited,5,515.4,515.4,515.72,516.28,676.03,676.41,677.19,0.56
256,student,False,False,exited,286,515.47,515.47,515.56,517.03,663.42,664.7,664.77,1.47
257,visitor,False,False,exited,22,515.62,515.62,516.33,517.05,601.77,602.26,602.57,0.72
258,student,False,False,exited,404,515.67,515.72,515.83,517.71,572.79,574.39,574.46,1.88
259,visitor,False,False,exited,11,515.76,515.83,516.29,516.89,581.69,582.12,582.52,0.6
260,visitor,False,False,exited,23,515.98,516.29,516.88,517.77,569.71,570.2,570.4,0.89
261,student,False,False,exited,405,516.19,516.33,516.35,518.21,608.36,609.97,610.04,1.86
262,staff,False,False,exited,105,516.36,516.36,516.46,517.34,1067.07,1067.82,1067.85,0.88
263,visitor,True,True,exited,222,516.86,516.86,517.25,518.69,615.5,616.57,616.85,1.45
264,visitor,False,False,exited,24,516.97,516.97,517.2,518.07,562.52,563.02,563.15,0.87
265,visitor,False,False,exited,25,517.98,517.98,518.39,519.18,615.36,615.86,616.22,0.79
266,student,False,False,exited,290,518.04,518.04,518.1,519.58,728.51,729.81,729.84,1.48
267,student,False,False,exited,406,518.22,518.22,518.33,520.18,622.1,623.71,623.75,1.85
268,staff,False,False,exited,106,518.37,518.37,518.46,519.35,923.13,923.88,923.9,0.89
269,student,False,False,exited,407,518.55,518.55,518.59,520.47,602.67,604.28,604.32,1.89
270,student,False,False,exited,408,519.12,519.12,519.23,521.09,769.45,771.06,771.11,1.86
271,student,False,False,exited,409,519.16,519.16,519.34,521.29,769.06,770.68,770.74,1.95
272,student,False,False,exited,410,519.47,519.47,519.54,521.5,890.98,892.6,892.72,1.96
273,student,False,False,exited,411,519.77,519.77,519.89,521.74,661.99,663.62,663.7,1.85
274,staff,False,False,exited,107,520.27,520.27,520.35,521.31,934.81,935.56,935.59,0.96
275,student,False,False,exited,412,520.84,520.84,521.03,522.89,715.8,717.43,717.49,1.86
276,staff,False,False,exited,108,521.14,521.14,521.26,522.23,827.11,827.86,827.99,0.97
277,staff,False,False,exited,109,521.17,521.17,521.29,522.38,894.24,895.0,895.03,1.08
278,student,True,False,exited,241,521.66,521.66,521.73,523.34,690.35,691.49,691.53,1.61
279,student,False,False,exited,413,521.69,521.69,521.8,523.81,817.76,819.39,819.48,2.01
280,student,False,False,exited,414,522.92,522.92,523.09,524.95,660.51,662.14,662.24,1.86
281,visitor,False,False,exited,15,523.07,523.07,523.14,524.09,636.44,636.9,637.25,0.95
282,staff,False,False,exited,110,523.54,523.54,523.63,524.5,1234.72,1235.47,1235.59,0.88
283,student,False,False,exited,415,523.78,523.78,523.95,525.92,717.64,719.28,719.37,1.97
284,student,False,False,exited,416,524.09,524.09,524.12,526.18,786.8,788.44,788.47,2.05
285,student,False,True,exited,226,524.34,524.34,524.47,525.78,692.83,693.92,693.98,1.31
286,student,False,False,exited,417,524.76,524.76,524.81,526.82,655.27,656.91,657.0,2.01
287,visitor,False,False,exited,26,525.75,525.75,526.17,526.95,574.98,575.49,575.72,0.78
288,staff,False,False,exited,111,525.84,525.84,525.88,527.0,1139.2,1139.96,1140.17,1.11
289,student,True,False,exited,242,526.46,526.46,526.55,528.05,951.61,952.75,952.84,1.5
290,staff,False,False,exited,112,526.74,526.74,526.82,527.77,944.45,945.22,945.32,0.95
291,student,False,False,exited,418,526.77,526.77,526.98,529.0,665.05,666.69,666.72,2.02
292,staff,False,False,exited,113,526.82,526.82,526.91,527.91,925.33,926.1,926.14,0.99
293,student,False,False,exited,419,526.96,526.96,527.13,528.97,761.93,763.57,763.66,1.84
294,student,False,False,exited,420,527.09,527.09,527.22,529.2,641.33,642.98,643.08,1.98
295,visitor,False,False,exited,2,527.71,527.71,528.21,528.84,599.57,599.94,600.19,0.64
296,student,False,False,exited,421,527.81,527.81,527.89,529.84,847.08,848.74,848.86,1.96
297,staff,False,False,exited,114,527.95,527.95,528.03,529.01,969.2,969.97,970.02,0.98
298,visitor,False,False,exited,27,528.05,528.05,528.65,529.74,662.06,662.57,662.81,1.09
299,student,False,False,exited,422,528.12,528.21,528.31,530.16,1412.21,1413.86,1413.92,1.84
300,student,False,False,exited,423,528.25,528.31,528.35,530.29,617.3,618.95,618.98,1.93
301,staff,False,False,exited,115,528.26,528.35,528.52,529.66,897.6,898.37,898.43,1.14
302,student,False,False,exited,424,528.26,528.52,528.6,530.54,681.95,683.61,683.66,1.94
303,student,False,False,exited,425,528.99,528.99,529.06,531.0,595.51,597.17,597.27,1.93
304,student,False,False,exited,426,529.48,529.48,529.62,531.55,840.03,841.69,841.76,1.93
305,staff,False,False,exited,116,529.52,529.52,529.58,530.66,893.62,894.39,894.46,1.08
306,student,False,False,exited,427,529.77,529.77,530.0,532.07,668.33,670.0,670.07,2.07
307,student,False,False,exited,283,530.01,530.01,530.07,531.71,681.65,682.93,683.1,1.64
308,staff,False,False,exited,117,530.61,530.61,530.68,531.63,918.24,919.02,919.1,0.95
309,student,False,False,exited,428,530.91,530.91,531.03,533.12,832.48,834.15,834.21,2.09
310,staff,False,False,exited,118,531.03,531.03,531.09,532.35,912.34,913.12,913.18,1.26
311,student,False,False,exited,429,531.07,531.07,531.19,533.15,692.46,694.13,694.18,1.96
312,visitor,False,False,exited,4,531.45,531.45,532.13,532.89,568.4,568.78,569.51,0.76
313,staff,False,False,exited,119,531.64,531.64,531.77,532.76,898.13,898.92,898.98,0.99
314,student,False,False,exited,430,532.05,532.05,532.13,534.36,769.22,770.9,770.94,2.23
315,visitor,False,False,exited,28,532.06,532.13,533.08,534.13,594.32,594.84,595.02,1.05
316,student,False,False,exited,431,532.5,532.5,532.65,534.78,631.13,632.8,632.9,2.13
317,student,False,False,exited,304,533.9,533.9,534.0,535.86,864.55,865.88,865.95,1.86
318,student,False,False,exited,308,534.16,534.16,534.35,535.91,703.01,704.35,704.47,1.56
319,staff,True,False,exited,120,534.98,534.98,535.03,536.39,842.3,843.08,843.15,1.36
320,student,False,False,exited,432,535.11,535.11,535.18,537.33,700.06,701.74,701.8,2.15
321,student,False,False,exited,433,535.26,535.26,535.32,537.24,633.87,635.55,635.61,1.92
322,student,False,False,exited,435,535.49,535.49,535.6,537.59,1045.73,1047.42,1047.53,1.99
323,student,False,False,exited,434,535.49,535.49,535.57,537.56,632.35,634.03,634.11,1.99
324,student,False,False,exited,436,535.65,535.65,535.7,537.76,677.94,679.63,679.71,2.06
325,student,True,False,exited,437,535.87,535.87,535.98,538.46,891.63,893.32,893.36,2.48
326,student,False,False,exited,438,535.98,535.98,536.06,538.38,663.42,665.11,665.29,2.32
327,student,False,False,exited,439,536.16,536.16,536.22,538.31,629.25,630.95,630.99,2.09
328,student,True,False,exited,440,536.17,536.17,536.27,538.41,644.41,646.11,646.21,2.14
329,student,False,False,exited,441,536.17,536.22,536.29,538.28,845.52,847.22,847.34,1.99
330,staff,False,False,exited,121,536.76,536.76,536.87,538.14,933.08,933.86,933.92,1.28
331,student,False,False,exited,442,536.93,536.93,537.0,539.33,627.33,629.03,629.18,2.33
332,student,False,False,exited,443,537.07,537.07,537.16,539.15,695.21,696.92,697.0,2.0
333,student,False,False,exited,444,537.34,537.34,537.45,539.41,745.21,746.92,747.0,1.96
334,student,False,False,exited,445,537.53,537.53,537.62,540.04,783.0,784.72,784.77,2.42
335,student,False,False,exited,446,537.97,537.97,538.05,540.41,639.17,640.88,640.94,2.37
336,staff,False,False,exited,122,538.77,538.77,538.83,539.99,883.33,884.12,884.16,1.16
337,student,False,False,exited,447,539.2,539.2,539.24,541.72,639.17,640.89,640.92,2.48
338,student,False,False,exited,448,540.33,540.33,540.39,542.89,749.05,750.77,750.83,2.5
339,student,False,False,exited,348,540.64,540.64,540.76,542.48,711.67,713.12,713.24,1.72
340,student,False,False,exited,339,540.88,540.88,541.03,543.1,775.61,777.04,777.12,2.07
341,student,False,False,exited,449,541.74,541.74,541.83,543.97,710.12,711.85,711.9,2.14
342,student,False,False,exited,451,542.16,542.16,542.39,544.61,764.22,765.96,766.01,2.22
343,student,True,False,exited,450,542.17,542.17,542.28,544.99,912.69,914.41,914.47,2.71
344,student,False,False,exited,452,542.41,542.41,542.51,545.03,637.98,639.71,639.74,2.51
345,staff,False,False,exited,123,542.54,542.54,542.62,543.7,973.91,974.71,974.79,1.07
346,visitor,False,False,exited,0,542.68,542.68,543.37,544.51,601.38,601.73,602.1,1.14
347,student,False,False,exited,300,543.1,543.1,543.14,544.86,718.45,719.77,719.85,1.72
348,student,False,False,exited,453,543.27,543.27,543.34,545.9,696.47,698.21,698.29,2.55
349,staff,False,False,exited,124,543.33,543.34,543.44,544.77,902.16,902.95,903.1,1.33
350,student,False,False,exited,454,543.43,543.43,543.48,545.69,660.96,662.7,662.88,2.21
351,staff,False,False,exited,125,543.49,543.49,543.53,544.86,1083.28,1084.08,1084.21,1.33
352,staff,False,False,exited,126,544.32,544.32,544.39,545.94,1267.15,1267.95,1267.98,1.55
353,visitor,False,False,exited,16,544.8,544.8,545.42,546.28,599.16,599.63,599.88,0.86
354,visitor,False,False,exited,9,545.05,545.05,545.22,546.39,599.44,599.86,600.14,1.17
355,student,False,False,exited,455,545.43,545.43,545.55,547.7,657.5,659.24,659.32,2.15
356,student,False,False,exited,456,545.5,545.5,545.57,547.9,619.02,620.76,620.9,2.33
357,student,False,False,exited,295,546.39,546.39,546.52,548.42,620.91,622.22,622.28,1.89
358,student,False,False,exited,457,546.64,546.64,546.77,548.94,705.28,707.03,707.09,2.17
359,student,False,False,exited,458,546.95,546.95,547.0,549.5,787.68,789.43,789.47,2.5
360,visitor,False,False,exited,17,547.15,547.15,547.52,549.04,605.83,606.29,606.74,1.52
361,student,False,False,exited,322,547.18,547.18,547.21,549.29,686.6,687.98,688.07,2.07
362,student,False,True,exited,42,547.5,547.5,547.56,549.07,873.55,874.12,874.26,1.51
363,staff,True,False,exited,201,548.05,548.05,548.14,549.89,1170.26,1171.27,1171.34,1.76
364,student,False,False,exited,459,548.5,548.5,548.64,551.22,659.72,661.48,661.54,2.59
365,student,False,False,exited,460,548.58,548.58,548.65,551.27,753.49,755.25,755.32,2.62
366,visitor,False,False,exited,19,548.71,548.71,549.12,550.43,662.2,662.67,662.86,1.32
367,student,False,False,exited,461,548.91,548.91,549.04,551.34,713.41,715.17,715.29,2.3
368,student,False,False,exited,462,549.04,549.04,549.16,551.65,1210.95,1212.71,1212.8,2.49
369,student,False,False,exited,463,549.22,549.22,549.31,551.48,690.74,692.5,692.54,2.17
370,visitor,False,False,exited,29,549.31,549.31,549.71,551.31,632.17,632.69,632.93,1.6
371,student,False,False,exited,464,549.83,549.83,550.05,552.33,701.35,703.12,703.24,2.27
372,student,False,False,exited,288,549.95,549.95,550.01,552.01,637.36,638.65,638.69,2.01
373,student,False,False,exited,465,550.38,550.38,550.57,552.97,734.53,736.3,736.39,2.4
374,student,True,False,exited,296,550.39,550.39,550.5,552.4,866.71,868.03,868.1,1.9
375,visitor,False,False,exited,30,550.86,550.86,551.8,553.23,660.1,660.63,661.11,1.43
376,student,False,False,exited,466,551.01,551.01,551.06,553.64,666.71,668.48,668.56,2.58
377,visitor,False,False,exited,31,551.58,551.58,552.04,553.74,582.97,583.49,584.08,1.7
378,student,False,False,exited,301,551.89,551.89,551.96,554.22,734.27,735.59,735.64,2.27
379,student,False,False,exited,305,552.11,552.11,552.21,554.34,741.17,742.51,742.59,2.13
380,staff,False,False,exited,127,552.54,552.54,552.62,554.27,1051.31,1052.11,1052.15,1.66
381,student,True,False,exited,307,553.06,553.06,553.1,555.69,684.32,685.66,685.69,2.58
382,student,True,False,exited,195,553.54,553.54,553.69,555.83,758.73,759.73,759.76,2.13
383,staff,False,False,exited,128,553.97,553.97,554.03,555.28,817.67,818.47,818.58,1.26
384,student,False,False,exited,318,554.31,554.31,554.42,556.81,699.84,701.21,701.28,2.39
385,student,False,False,exited,467,554.45,554.45,554.49,556.71,744.61,746.39,746.56,2.22
386,visitor,False,False,exited,12,554.62,554.62,554.95,556.4,695.31,695.76,696.1,1.45
387,student,False,False,exited,468,556.25,556.25,556.26,559.1,789.8,791.58,791.66,2.84
388,student,True,False,exited,469,556.68,556.68,556.8,559.07,845.63,847.41,847.48,2.27
389,student,False,False,exited,291,556.84,556.84,556.93,559.23,696.03,697.33,697.39,2.3
390,student,False,False,exited,470,557.03,557.03,557.22,559.97,800.0,801.78,801.86,2.75
391,student,False,False,exited,471,557.52,557.52,557.58,559.82,874.0,875.79,875.9,2.24
392,staff,False,False,parked,129,558.08,558.08,558.19,559.92,nan,nan,nan,1.73
393,student,False,False,exited,472,558.28,558.28,558.46,560.92,715.96,717.75,717.85,2.46
394,staff,False,False,exited,130,558.66,558.66,558.7,560.47,1236.83,1237.64,1237.7,1.77
395,student,False,False,exited,473,558.83,558.83,558.89,561.68,804.32,806.11,806.19,2.79
396,student,False,False,exited,475,558.87,558.87,559.04,561.67,630.93,632.73,632.82,2.63
397,student,False,False,exited,474,558.97,558.97,559.03,561.56,651.95,653.75,653.81,2.52
398,staff,False,False,exited,131,559.02,559.03,559.2,560.63,1154.11,1154.93,1155.09,1.43
399,student,False,False,exited,476,560.05,560.05,560.14,562.71,901.33,903.14,903.4,2.57
400,student,False,False,exited,477,560.31,560.31,560.39,562.62,674.41,676.22,676.29,2.23
401,staff,False,False,exited,132,561.64,561.64,561.81,563.43,931.98,932.8,932.86,1.62
402,student,False,False,exited,344,561.9,561.9,561.98,563.87,798.77,800.21,800.3,1.89
403,student,False,False,exited,352,562.0,562.0,562.05,564.4,930.01,931.48,931.65,2.35
404,visitor,False,False,exited,24,562.34,562.34,562.53,563.58,603.75,604.24,604.73,1.05
405,student,False,False,exited,478,563.27,563.27,563.44,565.84,767.21,769.02,769.09,2.4
406,student,False,False,exited,479,563.55,563.55,563.64,566.07,691.29,693.1,693.13,2.44
407,student,False,False,exited,299,564.24,564.24,564.29,566.4,946.32,947.64,947.7,2.11
408,student,False,False,exited,480,564.53,564.53,564.65,567.51,656.54,658.36,658.47,2.86
409,student,False,False,exited,481,564.71,564.71,564.86,567.58,1000.02,1001.84,1001.87,2.73
410,staff,False,False,exited,133,565.1,565.1,565.19,566.4,894.81,895.63,895.73,1.21
411,student,False,False,exited,482,565.67,565.67,565.76,568.22,725.97,727.8,727.91,2.46
412,staff,False,False,exited,134,565.89,565.89,565.94,567.22,932.9,933.72,933.78,1.28
413,visitor,False,False,exited,1,566.03,566.03,566.46,567.44,627.45,627.8,628.1,0.98
414,student,False,False,exited,327,566.89,566.89,566.94,569.29,655.83,657.23,657.27,2.35
415,staff,False,False,exited,135,567.51,567.51,567.58,569.11,1023.61,1024.44,1024.6,1.53
416,staff,False,False,exited,136,568.16,568.16,568.27,570.24,1075.28,1076.11,1076.17,1.96
417,visitor,False,False,exited,4,568.45,568.45,569.4,571.16,677.25,677.63,677.96,1.76
418,student,False,False,exited,483,568.45,568.45,568.58,571.27,783.53,785.36,785.39,2.69
419,student,False,False,exited,484,568.95,568.95,569.02,571.84,706.96,708.8,708.84,2.82
420,student,False,False,exited,485,569.41,569.41,569.51,572.38,673.05,674.88,675.01,2.87
421,student,False,False,exited,486,569.6,569.6,569.71,572.72,754.67,756.5,756.64,3.01
422,student,False,False,exited,487,569.65,569.65,569.82,573.01,692.26,694.1,694.12,3.19
423,student,False,False,exited,297,570.22,570.22,570.31,572.44,778.97,780.28,780.36,2.13
424,student,False,False,exited,488,570.27,570.27,570.32,572.75,708.9,710.74,710.82,2.43
425,visitor,False,False,exited,20,570.29,570.31,570.84,572.77,657.72,658.2,658.42,1.93
426,student,False,False,exited,489,570.5,570.5,570.62,573.63,649.31,651.16,651.23,3.01
427,student,False,False,exited,346,570.76,570.76,570.82,573.33,755.55,756.99,757.2,2.51
428,student,False,False,exited,490,571.22,571.22,571.26,573.63,767.35,769.21,769.26,2.37
429,student,False,False,exited,491,571.51,571.51,571.6,574.41,789.83,791.68,791.79,2.81
430,student,False,False,exited,331,572.37,572.37,572.47,575.28,728.65,730.06,730.12,2.8
431,student,False,False,exited,386,572.95,572.95,573.0,575.22,714.04,715.6,715.67,2.22
432,student,False,False,exited,313,573.36,573.36,573.48,576.01,728.43,729.79,729.84,2.53
433,student,False,False,exited,388,573.95,573.95,574.05,576.52,710.72,712.27,712.32,2.47
434,student,False,False,exited,404,574.34,574.34,574.44,576.85,796.55,798.16,798.19,2.42
435,student,False,False,exited,492,574.35,574.35,574.52,577.14,706.77,708.62,708.72,2.63
436,student,False,False,exited,493,574.68,574.68,574.76,577.17,663.65,665.51,665.62,2.41
437,student,False,False,exited,309,575.19,575.19,575.3,577.94,1052.05,1053.4,1053.47,2.64
438,student,False,False,exited,494,575.3,575.3,575.43,578.06,734.32,736.19,736.23,2.63
439,student,False,False,exited,495,576.05,576.05,576.24,578.83,738.95,740.82,740.84,2.59
440,student,False,False,exited,496,576.36,576.36,576.44,579.73,1070.76,1072.63,1072.79,3.29
441,staff,False,False,exited,137,576.66,576.66,576.82,578.3,1118.41,1119.24,1119.27,1.49
442,visitor,False,False,exited,26,576.69,576.69,577.26,578.85,606.5,607.01,607.15,1.59
443,visitor,False,False,exited,23,576.98,576.98,577.16,578.85,769.36,769.85,770.05,1.69
444,student,False,False,exited,289,577.56,577.56,577.7,579.73,1003.75,1005.04,1005.23,2.02
445,student,False,False,exited,341,577.8,577.8,577.92,580.59,708.95,710.39,710.41,2.67
446,student,False,False,exited,497,578.08,578.08,578.11,581.32,851.27,853.14,853.23,3.22
447,staff,False,False,exited,138,578.18,578.18,578.3,580.27,959.78,960.61,960.65,1.96
448,staff,True,False,exited,213,578.26,578.26,578.36,580.14,964.77,965.81,965.94,1.78
449,staff,False,False,exited,139,578.45,578.45,578.62,580.08,1121.41,1122.25,1122.43,1.46
450,visitor,False,False,exited,32,578.88,578.88,579.61,581.19,635.93,636.46,636.89,1.58
451,student,False,False,exited,498,578.95,578.95,578.99,582.13,958.4,960.27,960.3,3.14
452,staff,False,False,exited,140,578.95,578.99,579.02,580.99,924.22,925.06,925.09,1.97
453,staff,False,False,exited,141,579.01,579.02,579.13,581.2,1031.67,1032.51,1032.66,2.07
454,student,False,False,exited,499,579.15,579.15,579.22,582.54,675.24,677.13,677.21,3.31
455,visitor,False,False,exited,33,579.38,579.38,579.66,581.16,679.23,679.76,680.37,1.51
456,student,False,False,exited,500,579.94,579.94,580.04,583.56,764.99,766.87,767.01,3.52
457,visitor,False,False,exited,34,580.21,580.21,580.7,582.45,628.64,629.18,629.24,1.75
458,staff,False,False,exited,142,581.26,581.26,581.44,583.12,971.18,972.02,972.13,1.68
459,student,False,False,exited,501,581.89,581.89,581.96,585.45,724.25,726.14,726.19,3.49
460,staff,False,False,exited,143,581.99,581.99,582.01,583.79,1093.85,1094.7,1094.8,1.78
461,student,True,False,exited,502,582.12,582.12,582.18,585.37,780.44,782.33,782.48,3.19
462,staff,False,False,exited,144,582.32,582.32,582.5,584.51,1114.75,1115.59,1115.77,2.01
463,staff,False,False,exited,145,582.57,582.57,582.69,584.74,1134.51,1135.36,1135.42,2.05
464,student,False,False,exited,503,582.59,582.59,582.66,586.36,833.64,835.53,835.6,3.7
465,staff,False,False,exited,146,584.08,584.08,584.18,586.22,1031.4,1032.25,1032.34,2.04
466,student,False,False,exited,317,584.2,584.2,584.24,586.99,931.77,933.13,933.19,2.75
467,student,False,False,exited,504,584.56,584.56,584.69,588.1,769.45,771.34,771.47,3.41
468,student,False,False,exited,505,584.71,584.71,584.84,588.21,680.49,682.39,682.49,3.38
469,student,False,False,exited,332,585.32,585.32,585.47,588.02,682.8,684.21,684.23,2.55
470,student,False,False,exited,506,585.77,585.77,585.89,589.23,796.43,798.32,798.41,3.34
471,student,False,False,exited,507,586.12,586.12,586.32,589.37,785.44,787.34,787.37,3.05
472,student,False,False,exited,508,586.33,586.33,586.39,589.36,718.65,720.55,720.67,2.97
473,student,False,False,exited,509,586.33,586.33,586.43,589.42,953.62,955.52,955.67,2.99
474,visitor,False,False,exited,11,586.61,586.61,587.01,588.36,662.83,663.26,663.45,1.35
475,student,False,False,exited,312,586.88,586.88,586.98,590.25,766.98,768.33,768.37,3.26
476,visitor,True,False,exited,31,587.04,587.04,587.24,588.89,693.97,694.49,694.91,1.65
477,student,False,False,exited,510,587.25,587.25,587.32,590.46,1074.07,1075.98,1076.13,3.14
478,student,False,False,exited,511,587.99,587.99,588.12,590.81,705.01,706.92,706.97,2.68
479,student,False,False,exited,513,588.06,588.06,588.17,592.15,799.24,801.16,801.24,3.98
480,student,False,False,exited,512,588.09,588.12,588.17,591.24,756.28,758.19,758.23,3.08
481,student,False,True,exited,57,589.63,589.63,589.73,592.15,719.67,720.29,720.37,2.42
482,student,False,False,exited,515,590.18,590.18,590.41,593.09,838.11,840.04,840.11,2.68
483,student,False,False,exited,514,590.21,590.21,590.31,593.64,854.85,856.77,856.82,3.33
484,student,True,False,exited,516,590.24,590.31,590.41,593.37,792.25,794.17,794.25,2.96
485,student,False,False,exited,518,590.28,590.41,590.57,594.06,707.25,709.18,709.27,3.48
486,student,False,False,exited,517,590.34,590.41,590.47,593.37,1070.72,1072.65,1072.83,2.9
487,staff,False,False,exited,147,590.52,590.52,590.65,592.68,1232.28,1233.14,1233.2,2.03
488,student,True,False,exited,519,590.62,590.62,590.76,593.59,790.27,792.21,792.38,2.83
489,visitor,False,False,exited,35,590.67,590.67,591.3,592.77,944.77,945.31,945.78,1.47
490,staff,False,False,exited,148,590.96,590.96,591.0,592.63,984.22,985.08,985.12,1.63
491,visitor,False,False,exited,36,591.07,591.07,591.43,593.65,636.24,636.78,637.26,2.22
492,staff,False,False,exited,149,591.12,591.3,591.38,593.5,1181.68,1182.55,1182.61,2.12
493,student,False,False,exited,367,591.39,591.39,591.46,594.8,932.91,934.42,934.55,3.35
494,student,False,False,exited,520,592.75,592.75,592.83,596.68,699.02,700.95,701.07,3.85
495,student,False,False,exited,521,593.05,593.05,593.17,597.08,658.26,660.2,660.28,3.91
496,staff,False,False,exited,150,593.18,593.18,593.29,595.62,1168.47,1169.33,1169.46,2.33
497,student,True,False,exited,522,593.82,593.82,593.9,597.93,914.27,916.21,916.29,4.03
498,student,False,False,exited,523,594.43,594.43,594.5,597.44,663.93,665.87,665.94,2.95
499,visitor,False,False,exited,28,594.57,594.57,595.55,598.4,706.07,706.58,707.02,2.84
500,student,False,False,exited,524,594.64,594.64,594.74,597.79,756.49,758.44,758.48,3.05
501,student,False,False,exited,525,595.26,595.26,595.41,598.84,773.99,775.94,776.01,3.43
502,staff,False,False,exited,151,595.67,595.67,595.74,597.4,1256.56,1257.43,1257.46,1.66
503,student,False,False,exited,342,596.44,596.44,596.49,599.92,729.79,731.23,731.39,3.43
504,student,False,False,exited,425,596.76,596.76,596.82,600.58,725.92,727.58,727.68,3.75
505,staff,False,False,exited,152,597.51,597.51,597.61,600.22,1022.73,1023.6,1023.65,2.61
506,student,False,False,exited,526,598.8,598.8,598.86,602.08,866.6,868.55,868.66,3.22
507,student,True,False,exited,340,598.81,598.81,598.83,602.21,726.83,728.26,728.39,3.38
508,student,False,True,exited,47,599.35,599.35,599.44,600.88,753.8,754.39,754.51,1.44
509,staff,False,False,exited,153,599.42,599.42,599.52,602.14,1270.82,1271.7,1271.74,2.62
510,student,False,False,exited,527,599.73,599.73,599.89,604.09,775.48,777.44,777.51,4.2
511,visitor,False,False,exited,9,599.82,599.82,600.79,603.21,716.81,717.22,717.74,2.42
512,visitor,False,False,exited,2,599.95,599.95,600.4,603.41,686.44,686.81,686.84,3.01
513,student,False,False,exited,528,600.27,600.4,600.49,603.38,742.61,744.56,744.61,2.9
514,student,False,False,exited,529,600.44,600.49,600.57,604.32,904.6,906.56,906.73,3.75
515,student,False,False,exited,530,601.06,601.06,601.24,605.3,771.28,773.24,773.32,4.07
516,staff,False,False,exited,154,601.49,601.49,601.55,603.38,1072.68,1073.56,1073.62,1.84
517,student,False,False,exited,284,601.78,601.78,601.9,605.06,747.3,748.58,748.72,3.16
518,student,False,False,exited,354,602.22,602.22,602.25,604.81,643.67,645.14,645.23,2.56
519,student,False,False,exited,356,602.46,602.46,602.53,606.37,739.98,741.46,741.59,3.84
520,visitor,False,False,exited,0,602.92,602.92,603.13,604.54,672.95,673.3,673.58,1.41
521,student,True,False,exited,407,602.94,602.94,603.04,606.7,748.61,750.22,750.29,3.66
522,visitor,False,False,exited,16,604.03,604.03,604.58,606.03,691.42,691.88,692.16,1.45
523,student,False,False,exited,531,605.09,605.09,605.13,609.18,751.61,753.58,753.72,4.05
524,visitor,False,False,exited,22,605.09,605.09,605.55,607.47,713.33,713.83,714.09,1.92
525,student,False,False,exited,384,606.11,606.11,606.16,609.09,686.96,688.5,688.59,2.94
526,student,False,False,exited,532,606.3,606.3,606.38,609.82,846.78,848.75,848.88,3.44
527,visitor,False,False,exited,17,606.56,606.56,607.14,609.52,644.39,644.85,645.16,2.38
528,visitor,False,False,exited,7,606.85,606.85,607.6,610.62,732.08,732.47,732.6,3.01
529,student,False,False,exited,333,607.43,607.43,607.59,610.27,717.93,719.34,719.42,2.67
530,student,False,False,exited,306,608.06,608.06,608.22,611.26,723.86,725.19,725.25,3.03
531,student,False,False,exited,533,608.21,608.21,608.27,612.45,753.27,755.24,755.3,4.18
532,student,False,False,exited,298,609.33,609.33,609.5,611.72,677.59,678.91,678.97,2.22
533,student,False,False,exited,405,610.65,610.65,610.83,613.61,962.36,963.97,964.05,2.77
534,visitor,False,False,exited,8,611.11,611.11,611.64,613.04,660.72,661.14,661.53,1.4
535,student,False,False,exited,534,611.26,611.26,611.29,614.82,845.97,847.94,848.01,3.53
536,staff,False,False,exited,155,611.5,611.5,611.67,614.2,1065.14,1066.02,1066.07,2.52
537,student,False,False,exited,535,612.12,612.12,612.21,615.4,708.47,710.45,710.51,3.19
538,student,False,True,exited,52,614.07,614.07,614.17,615.81,812.11,812.71,812.74,1.65
539,staff,False,True,exited,230,614.11,614.11,614.17,616.07,1102.39,1103.5,1103.56,1.9
540,student,False,False,exited,381,614.26,614.26,614.33,617.74,867.31,868.85,868.91,3.41
541,staff,False,False,exited,156,614.48,614.48,614.52,617.27,1205.54,1206.42,1206.5,2.75
542,student,False,False,exited,335,616.49,616.49,616.59,620.4,778.76,780.18,780.29,3.81
543,visitor,False,False,exited,3,616.68,616.68,617.61,618.98,715.11,715.47,715.77,1.37
544,staff,False,False,exited,157,616.99,616.99,617.07,619.06,1026.84,1027.72,1027.87,1.99
545,visitor,True,False,exited,232,617.07,617.07,617.77,621.73,657.45,658.56,658.81,3.97
546,student,False,False,exited,395,617.29,617.61,617.77,621.44,1076.08,1077.66,1077.77,3.68
547,student,False,False,exited,397,617.78,617.78,617.98,622.24,788.37,789.96,790.03,4.26
548,student,False,False,exited,423,617.94,617.94,618.02,622.23,1104.2,1105.86,1105.97,4.21
549,student,False,False,exited,536,617.96,617.98,618.1,621.88,895.0,896.98,897.07,3.79
550,student,False,False,exited,537,618.45,618.45,618.54,621.49,702.7,704.68,704.79,2.95
551,student,False,False,exited,281,619.35,619.35,619.44,622.15,835.39,836.66,836.78,2.72
552,student,False,False,exited,456,619.52,619.52,619.62,622.96,687.06,688.8,688.91,3.34
553,student,False,False,exited,538,620.33,620.33,620.46,623.88,808.4,810.38,810.43,3.42
554,student,False,False,exited,539,620.44,620.44,620.48,624.19,751.07,753.06,753.24,3.71
555,student,False,False,exited,540,620.52,620.52,620.55,623.67,816.13,818.12,818.21,3.12
556,student,False,True,exited,222,620.6,620.6,620.65,624.23,1039.67,1040.74,1040.77,3.58
557,staff,False,False,exited,158,620.79,620.79,620.87,622.6,1007.37,1008.25,1008.35,1.73
558,student,False,False,exited,295,620.88,620.88,621.0,624.78,851.85,853.16,853.31,3.78
559,student,False,False,exited,389,621.92,621.92,622.0,624.93,890.78,892.34,892.41,2.94
560,student,True,False,exited,406,622.36,622.36,622.54,625.25,1122.99,1124.59,1124.62,2.71
561,staff,False,False,exited,159,623.54,623.54,623.66,625.5,932.76,933.66,933.71,1.84
562,student,True,False,exited,541,623.82,623.82,623.87,628.06,796.17,798.17,798.22,4.18
563,student,False,False,exited,542,623.91,623.91,623.96,628.12,759.38,761.37,761.45,4.15
564,visitor,False,False,exited,24,624.08,624.08,625.05,628.35,689.56,690.06,690.21,3.3
565,student,False,False,exited,543,624.48,624.48,624.54,628.49,746.47,748.47,748.55,3.95
566,visitor,False,False,exited,18,624.69,624.69,624.9,626.86,654.62,655.09,655.38,1.96
567,staff,False,False,exited,160,625.22,625.22,625.31,627.84,1171.91,1172.8,1173.06,2.53
568,student,False,False,exited,353,626.3,626.3,626.42,630.09,848.65,850.12,850.16,3.67
569,student,True,False,exited,544,626.41,626.41,626.43,631.59,792.81,794.81,794.85,5.16
570,staff,False,False,exited,161,626.89,626.89,626.94,630.27,919.56,920.46,920.49,3.33
571,visitor,False,False,exited,1,627.2,627.2,627.59,629.6,688.04,688.39,689.17,2.01
572,student,False,False,exited,336,627.9,627.9,628.01,631.38,834.24,835.65,835.69,3.37
573,student,False,False,exited,442,628.58,628.58,628.72,631.9,834.29,835.99,836.01,3.19
574,student,False,False,exited,375,628.65,628.65,628.7,632.65,692.47,693.99,694.07,3.95
575,student,False,False,exited,439,629.38,629.38,629.54,632.46,727.15,728.85,728.91,2.92
576,staff,False,False,exited,162,629.81,629.81,629.89,633.09,1004.61,1005.5,1005.64,3.2
577,student,False,False,exited,545,629.93,629.93,630.07,634.09,811.27,813.27,813.38,4.01
578,staff,False,False,exited,163,630.88,630.88,630.9,632.95,1231.81,1232.71,1232.77,2.05
579,staff,False,False,exited,164,631.77,631.77,631.81,634.39,963.62,964.52,964.64,2.58
580,staff,False,False,exited,165,631.88,631.88,631.96,633.89,1081.47,1082.38,1082.42,1.93
581,student,False,False,exited,343,632.45,632.45,632.54,636.16,733.15,734.59,734.65,3.62
582,staff,False,False,exited,166,633.19,633.19,633.21,636.62,1117.83,1118.74,1118.89,3.41
583,staff,False,False,exited,167,633.33,633.33,633.46,635.29,923.64,924.55,924.6,1.83
584,staff,False,False,exited,168,633.69,633.69,633.87,636.93,1257.43,1258.35,1258.5,3.06
585,student,False,False,exited,431,633.73,633.73,633.87,638.39,847.09,848.77,848.93,4.52
586,student,False,False,exited,433,634.49,634.49,634.65,638.89,1105.64,1107.32,1107.42,4.24
587,student,False,False,exited,434,635.23,635.23,635.29,638.65,850.89,852.58,852.74,3.36
588,staff,False,False,exited,169,635.42,635.42,635.47,638.65,1028.17,1029.08,1029.28,3.18
589,staff,False,False,exited,170,635.44,635.44,635.57,637.5,979.52,980.44,980.48,1.93
590,student,False,False,exited,475,635.71,635.71,635.78,640.45,765.54,767.34,767.56,4.67
591,student,False,False,exited,546,635.91,635.91,636.14,639.91,896.77,898.77,898.82,3.77
592,student,False,False,exited,288,637.22,637.22,637.38,640.18,683.22,684.51,684.58,2.79
593,staff,False,False,exited,171,637.31,637.31,637.52,640.64,1049.02,1049.95,1050.04,3.12
594,student,False,False,exited,325,637.85,637.85,637.97,640.81,841.6,842.99,843.08,2.83
595,student,False,False,exited,401,638.03,638.03,638.1,642.71,851.54,853.13,853.19,4.61
596,visitor,False,False,exited,13,638.07,638.07,638.46,641.41,665.27,665.72,665.99,2.95
597,staff,False,True,exited,58,639.18,639.18,639.24,641.85,1023.21,1023.83,1023.88,2.62
598,student,False,False,exited,446,639.21,639.21,639.33,642.15,775.85,777.57,777.61,2.82
599,student,False,False,exited,447,639.25,639.25,639.36,642.73,862.0,863.72,863.8,3.38
600,visitor,False,False,exited,15,640.3,640.3,640.84,642.56,686.28,686.74,687.18,1.72
601,staff,False,False,exited,172,640.48,640.48,640.55,643.68,1072.77,1073.7,1073.75,3.13
602,student,False,False,exited,452,640.52,640.55,640.62,643.55,851.65,853.38,853.48,2.93
603,student,False,False,exited,366,640.64,640.64,640.72,645.16,873.7,875.2,875.28,4.44
604,student,False,False,exited,420,642.05,642.05,642.09,645.23,781.03,782.67,782.81,3.14
605,student,False,False,exited,547,642.18,642.18,642.3,647.19,785.98,787.99,788.08,4.89
606,staff,False,False,exited,173,642.8,642.8,642.84,644.95,1070.54,1071.47,1071.5,2.11
607,student,False,False,exited,326,643.06,643.06,643.17,645.73,822.46,823.85,823.92,2.56
608,student,False,False,exited,548,643.24,643.24,643.3,647.67,804.28,806.29,806.33,4.37
609,staff,False,False,exited,174,643.94,643.94,644.0,647.42,983.86,984.79,984.84,3.42
610,visitor,False,False,exited,25,644.03,644.03,644.32,646.0,683.22,683.72,684.22,1.68
611,staff,False,False,exited,175,644.37,644.37,644.46,646.7,1011.08,1012.02,1012.2,2.25
612,student,False,False,exited,277,644.54,644.54,644.64,647.74,834.53,835.78,835.84,3.1
613,student,False,False,exited,354,645.0,645.0,645.05,648.98,713.53,714.99,715.06,3.93
614,student,False,False,exited,440,645.12,645.12,645.26,648.95,818.05,819.75,819.85,3.69
615,student,False,False,exited,549,645.69,645.69,645.78,649.41,747.06,749.08,749.11,3.63
616,student,False,False,exited,550,646.42,646.42,646.52,649.79,1074.96,1076.98,1077.02,3.27
617,student,True,False,exited,224,646.64,646.64,646.71,649.44,841.41,842.48,842.57,2.73
618,student,False,False,exited,551,646.92,646.92,647.08,651.2,732.6,734.62,734.71,4.11
619,visitor,False,False,exited,17,647.03,647.03,647.95,649.56,710.21,710.67,710.87,1.62
620,visitor,False,False,exited,26,647.26,647.26,647.99,650.89,705.8,706.31,706.59,2.9
621,student,False,False,exited,552,647.52,647.95,648.02,651.59,756.42,758.44,758.54,3.58
622,student,False,False,exited,553,647.62,647.99,648.08,652.47,706.47,708.49,708.59,4.39
623,student,False,False,exited,554,648.05,648.05,648.09,653.17,807.72,809.75,809.86,5.08
624,student,True,False,exited,555,648.12,648.12,648.18,653.03,896.18,898.22,898.38,4.85
625,student,False,False,exited,556,648.45,648.45,648.51,652.75,821.54,823.57,823.61,4.24
626,student,False,False,exited,557,648.88,648.88,648.95,653.27,883.91,885.94,886.03,4.33
627,staff,False,False,exited,176,649.35,649.35,649.55,653.02,1186.69,1187.62,1187.66,3.47
628,student,False,False,exited,489,651.02,651.02,651.1,654.57,826.45,828.3,828.38,3.48
629,visitor,False,True,exited,240,651.17,651.17,651.82,655.57,688.65,689.79,689.95,3.76
630,student,False,False,exited,558,651.2,651.2,651.43,655.94,838.57,840.6,840.73,4.5
631,student,False,False,exited,559,651.49,651.49,651.56,656.01,820.49,822.54,822.67,4.45
632,student,False,False,exited,474,651.93,651.93,651.99,655.67,723.13,724.93,725.0,3.69
633,student,False,False,exited,560,652.01,652.01,652.05,656.59,755.42,757.46,757.5,4.54
634,student,False,False,exited,561,652.46,652.46,652.56,658.09,815.48,817.53,817.61,5.53
635,visitor,False,False,exited,14,653.19,653.19,653.66,656.78,730.38,730.84,731.11,3.12
636,student,False,False,exited,279,653.74,653.74,653.87,656.9,775.13,776.4,776.58,3.03
637,student,False,False,exited,362,653.82,653.82,653.9,657.09,729.67,731.16,731.2,3.18
638,student,True,False,exited,202,654.15,654.15,654.22,656.75,905.96,906.98,907.08,2.53
639,student,False,False,exited,562,654.2,654.2,654.33,657.64,761.24,763.29,763.33,3.31
640,student,False,False,exited,563,654.54,654.54,654.61,658.68,912.16,914.21,914.27,4.08
641,student,False,False,exited,564,654.92,654.92,655.01,658.93,861.01,863.06,863.21,3.93
642,staff,False,False,exited,177,655.04,655.04,655.13,659.1,1040.45,1041.39,1041.47,3.97
643,student,False,False,exited,417,655.48,655.48,655.53,658.82,740.09,741.73,741.78,3.29
644,student,False,False,exited,565,655.65,655.65,655.69,660.75,807.9,809.96,810.01,5.06
645,staff,False,False,exited,178,657.32,657.32,657.41,659.82,1114.4,1115.35,1115.52,2.41
646,staff,False,False,exited,179,657.55,657.55,657.67,660.37,922.7,923.64,923.87,2.7
647,student,False,False,exited,315,657.79,657.79,657.88,662.0,770.83,772.2,772.28,4.12
648,student,False,False,exited,327,658.19,658.19,658.23,661.51,769.48,770.88,770.95,3.28
649,student,False,False,exited,355,658.68,658.68,658.8,662.07,927.1,928.57,928.7,3.27
650,student,False,False,exited,455,658.91,658.91,659.11,663.38,775.86,777.61,777.72,4.27
651,student,False,True,exited,245,659.07,659.07,659.1,663.26,770.58,771.73,771.86,4.16
652,staff,False,False,exited,180,659.13,659.13,659.2,661.51,1214.27,1215.22,1215.26,2.3
653,student,False,False,exited,294,659.68,659.68,659.76,663.14,830.62,831.93,832.03,3.39
654,staff,False,False,exited,181,659.85,659.85,659.94,662.12,1044.84,1045.79,1045.88,2.18
655,student,False,False,exited,350,659.92,659.92,660.0,664.2,877.35,878.81,878.91,4.21
656,staff,False,False,exited,182,660.07,660.07,660.15,662.39,1296.84,1297.79,1297.87,2.24
657,staff,False,False,exited,183,660.1,660.1,660.29,662.65,1384.06,1385.02,1385.07,2.36
658,student,True,False,exited,223,660.24,660.24,660.28,664.05,774.11,775.19,775.35,3.76
659,student,False,False,exited,459,660.28,660.28,660.36,663.53,769.79,771.54,771.68,3.17
660,student,True,False,exited,232,660.56,660.56,660.59,665.1,745.6,746.71,746.83,4.51
661,staff,False,False,exited,184,660.75,660.75,660.85,663.16,991.26,992.22,992.32,2.31
662,student,False,False,exited,414,660.99,660.99,661.06,664.35,809.47,811.1,811.12,3.29
663,student,False,False,exited,454,661.09,661.09,661.23,665.17,746.82,748.56,748.68,3.94
664,student,False,False,exited,480,661.14,661.14,661.28,664.81,857.33,859.15,859.23,3.52
665,staff,False,False,exited,185,661.39,661.39,661.5,664.47,1393.24,1394.2,1394.28,2.97
666,student,False,False,exited,345,661.79,661.79,661.89,664.61,902.18,903.63,903.72,2.72
667,student,False,False,exited,521,661.88,661.88,661.93,665.3,779.58,781.52,781.65,3.38
668,visitor,False,False,exited,8,662.15,662.15,662.29,665.62,713.85,714.26,714.75,3.33
669,student,True,False,exited,233,662.46,662.46,662.5,666.65,844.63,845.74,845.83,4.15
670,staff,False,False,exited,186,662.84,662.84,662.99,665.45,956.21,957.17,957.2,2.46
671,student,False,False,exited,380,662.91,662.91,663.03,668.05,801.16,802.7,802.78,5.02
672,student,False,False,exited,320,663.03,663.03,663.16,666.93,834.27,835.65,835.79,3.76
673,visitor,False,False,exited,11,663.06,663.06,664.11,667.88,873.29,873.72,873.99,3.76
674,staff,False,False,exited,187,663.63,663.63,663.67,667.5,1216.86,1217.84,1217.97,3.83
675,staff,False,False,exited,188,663.93,663.93,664.04,666.8,989.99,990.97,991.01,2.77
676,student,False,False,exited,286,664.69,664.69,664.76,667.93,812.65,813.94,814.01,3.17
677,student,False,False,exited,347,665.64,665.64,665.72,670.71,839.0,840.45,840.5,4.98
678,student,False,False,exited,411,665.99,665.99,666.08,671.15,956.26,957.88,957.98,5.06
679,student,True,False,exited,418,666.18,666.18,666.3,671.47,807.33,808.97,809.04,5.17
680,student,False,False,exited,438,666.28,666.28,666.33,671.23,743.37,745.07,745.19,4.9
681,student,False,False,exited,466,666.64,666.64,666.73,670.65,792.49,794.26,794.33,3.92
682,student,False,True,exited,64,666.7,666.7,666.78,670.21,828.62,829.25,829.28,3.43
683,student,False,False,exited,493,666.72,666.73,666.88,670.58,784.1,785.96,785.99,3.7
684,student,False,False,exited,523,667.56,667.56,667.64,671.29,803.82,805.77,805.86,3.65
685,student,False,False,exited,566,667.61,667.61,667.7,671.23,781.7,783.76,783.94,3.53
686,visitor,False,False,exited,13,668.29,668.29,668.35,671.29,778.93,779.38,779.77,2.95
687,student,False,False,exited,427,668.62,668.62,668.69,673.65,899.48,901.15,901.24,4.96
688,student,False,False,exited,567,668.96,668.96,669.09,674.9,1051.98,1054.04,1054.1,5.81
689,staff,False,False,exited,189,669.03,669.03,669.17,673.54,1008.09,1009.07,1009.15,4.36
690,staff,False,False,exited,190,669.76,669.76,669.81,673.49,1011.08,1012.06,1012.12,3.68
691,student,False,False,exited,568,669.93,669.93,669.98,674.7,933.29,935.35,935.46,4.72
692,student,False,False,exited,569,670.38,670.38,670.5,674.65,910.46,912.53,912.69,4.15
693,student,False,False,exited,359,670.71,670.71,670.77,673.76,836.93,838.41,838.49,2.99
694,student,False,False,exited,360,671.3,671.3,671.46,675.92,863.47,864.96,865.0,4.46
695,staff,False,False,exited,191,671.97,671.97,672.1,675.59,1184.14,1185.13,1185.16,3.5
696,visitor,False,False,exited,18,672.26,672.26,672.47,674.33,773.82,774.29,774.64,1.86
697,student,True,False,exited,311,672.42,672.42,672.44,675.25,926.55,927.9,928.01,2.81
698,staff,False,False,exited,192,672.73,672.73,672.87,675.25,1189.32,1190.31,1190.38,2.38
699,student,False,False,exited,287,672.98,672.98,673.11,677.21,898.07,899.36,899.55,4.11
700,student,False,False,exited,365,673.7,673.7,673.79,678.19,755.88,757.38,757.44,4.4
701,staff,False,False,exited,193,673.88,673.88,674.0,676.68,1337.7,1338.69,1338.79,2.68
702,student,False,False,exited,373,674.5,674.5,674.59,678.52,1064.81,1066.34,1066.49,3.94
703,student,False,False,exited,392,674.55,674.55,674.62,678.47,901.39,902.96,903.13,3.85
704,student,False,False,exited,477,674.76,674.76,674.86,678.55,1065.3,1067.11,1067.24,3.69
705,visitor,False,False,exited,0,675.22,675.22,675.61,678.89,695.77,696.12,696.8,3.28
706,student,False,False,exited,485,675.26,675.26,675.45,679.13,872.53,874.37,874.52,3.69
707,student,False,False,exited,499,675.62,675.62,675.66,681.05,751.0,752.88,752.97,5.38
708,student,False,False,exited,324,676.39,676.39,676.4,679.36,975.42,976.8,976.93,2.96
709,student,False,False,exited,298,677.69,677.69,677.75,681.45,880.06,881.38,881.43,3.69
710,student,False,False,exited,368,678.12,678.12,678.26,681.97,908.54,910.05,910.12,3.71
711,staff,False,False,exited,194,678.75,678.75,678.89,683.32,1182.27,1183.26,1183.42,4.43
712,staff,False,False,exited,197,679.03,679.03,679.11,683.47,1160.03,1161.03,1161.14,4.37
713,visitor,False,False,exited,4,679.06,679.06,679.48,681.61,701.9,702.28,702.51,2.14
714,staff,False,False,exited,198,679.1,679.11,679.18,683.5,1098.39,1099.39,1099.61,4.32
715,student,False,False,exited,369,679.35,679.35,679.49,684.16,794.42,795.93,796.02,4.66
716,student,False,False,exited,436,679.84,679.84,679.96,685.21,985.41,987.1,987.19,5.26
717,student,False,False,exited,570,679.99,679.99,680.16,685.91,833.03,835.09,835.35,5.75
718,student,False,False,exited,505,680.79,680.79,680.88,684.91,856.79,858.68,858.76,4.03
719,visitor,False,True,exited,250,681.69,681.69,682.06,686.07,720.0,721.16,721.76,4.02
720,staff,False,False,exited,199,682.63,682.63,682.69,685.09,1071.61,1072.62,1072.69,2.39
721,visitor,False,False,exited,5,682.74,682.74,683.42,685.74,712.0,712.38,712.93,2.32
722,student,False,False,exited,283,683.07,683.07,683.25,688.07,760.43,761.71,761.89,4.82
723,student,False,False,exited,282,683.65,683.65,683.68,687.71,996.72,997.99,998.07,4.03
724,student,False,False,exited,288,683.7,683.7,683.78,686.38,1162.15,1163.44,1163.5,2.6
725,student,False,False,exited,332,683.77,683.77,683.86,689.19,850.97,852.38,852.43,5.33
726,student,False,False,exited,307,684.48,684.48,684.55,688.06,919.74,921.09,921.24,3.52
727,student,False,False,exited,400,684.84,684.84,684.94,687.87,907.8,909.4,909.46,2.93
728,student,False,False,exited,424,685.0,685.0,685.03,688.49,878.12,879.78,879.89,3.46
729,visitor,False,False,exited,19,685.16,685.16,685.84,687.88,752.17,752.65,752.8,2.04
730,student,False,False,exited,571,685.88,685.88,685.97,692.03,951.77,953.85,953.91,6.06
731,student,False,False,exited,572,685.98,685.98,686.11,691.79,772.71,774.78,774.86,5.68
732,staff,False,False,exited,200,687.27,687.27,687.42,691.01,1126.29,1127.3,1127.39,3.58
733,student,False,False,exited,322,687.31,687.31,687.35,691.03,825.2,826.58,826.66,3.67
734,visitor,False,False,exited,2,687.65,687.65,687.78,689.51,795.98,796.34,796.61,1.73
735,staff,False,False,exited,203,688.19,688.19,688.27,693.08,1103.37,1104.39,1104.48,4.81
736,student,False,False,exited,379,688.79,688.79,688.91,692.35,827.19,828.73,828.79,3.43
737,staff,False,False,exited,204,689.37,689.37,689.45,694.17,1139.54,1140.56,1140.63,4.72
738,staff,False,False,exited,205,690.44,690.44,690.47,694.52,1054.11,1055.14,1055.23,4.05
739,staff,False,False,exited,206,690.49,690.49,690.56,692.99,1105.05,1106.08,1106.12,2.42
740,staff,False,False,exited,209,690.76,690.76,690.8,694.09,1094.98,1096.02,1096.06,3.3
741,staff,False,False,exited,210,690.87,690.87,690.91,694.48,1292.36,1293.4,1293.5,3.57
742,student,False,False,exited,384,690.97,690.97,691.08,696.18,887.51,889.06,889.14,5.1
743,student,False,True,exited,240,691.02,691.02,691.1,694.08,918.85,919.98,920.06,2.98
744,staff,False,False,exited,211,691.21,691.21,691.31,695.73,1317.29,1318.33,1318.39,4.42
745,visitor,False,False,exited,1,692.17,692.17,692.51,695.32,715.34,715.69,716.26,2.81
746,student,False,False,exited,361,693.21,693.21,693.27,697.85,923.29,924.79,924.88,4.58
747,staff,False,False,exited,212,694.02,694.02,694.09,698.72,1210.39,1211.44,1211.52,4.63
748,student,False,False,exited,303,694.15,694.15,694.25,697.21,908.51,909.84,909.93,2.96
749,staff,False,False,exited,215,694.2,694.2,694.31,697.37,1410.09,1411.14,1411.31,3.06
750,visitor,False,False,exited,12,695.08,695.08,695.41,697.73,738.46,738.9,739.34,2.33
751,student,False,False,exited,302,695.41,695.41,695.6,698.21,774.52,775.85,775.98,2.61
752,student,False,False,exited,375,695.63,695.63,695.69,699.29,951.37,952.89,952.96,3.59
753,student,False,False,exited,429,695.67,695.67,695.79,699.53,924.92,926.59,926.68,3.73
754,student,False,False,exited,443,695.74,695.74,695.79,698.83,845.98,847.69,847.81,3.04
755,student,False,False,exited,291,696.04,696.04,696.13,700.92,954.15,955.45,955.64,4.79
756,student,False,False,exited,456,696.21,696.21,696.36,701.2,870.06,871.8,871.82,4.84
757,student,False,False,exited,351,696.65,696.65,696.94,700.52,860.61,862.07,862.13,3.57
758,student,True,False,exited,239,697.15,697.15,697.23,700.82,988.42,989.54,989.62,3.6
759,student,False,False,exited,391,697.21,697.21,697.27,701.9,757.9,759.47,759.56,4.63
760,staff,False,False,exited,40,697.31,697.31,697.34,700.26,1168.37,1168.93,1168.98,2.92
761,staff,False,False,exited,216,699.82,699.82,699.88,704.27,1249.02,1250.08,1250.11,4.4
762,staff,False,False,exited,217,700.66,700.66,700.68,703.66,1086.95,1088.01,1088.16,2.98
763,staff,False,False,exited,218,700.95,700.95,701.16,704.83,1162.28,1163.34,1163.37,3.68
764,staff,False,False,exited,221,701.0,701.0,701.26,705.54,1116.63,1117.7,1117.74,4.28
765,student,False,False,exited,314,701.59,701.59,701.67,705.82,832.88,834.24,834.36,4.14
766,student,False,False,exited,318,701.89,701.89,702.05,705.26,973.04,974.4,974.44,3.22
767,student,False,False,exited,329,702.49,702.49,702.54,706.56,935.52,936.92,937.05,4.02
768,student,False,False,exited,357,702.69,702.69,702.75,705.6,873.09,874.57,874.67,2.86
769,student,False,False,exited,308,703.51,703.51,703.62,707.98,818.94,820.29,820.4,4.36
770,visitor,False,False,exited,0,703.55,703.55,704.36,706.67,752.64,752.99,753.32,2.31
771,staff,False,False,exited,225,703.87,703.87,704.06,707.29,984.91,986.0,986.12,3.23
772,student,True,False,exited,231,704.01,704.06,704.16,708.52,762.51,763.62,763.68,4.37
773,student,False,False,exited,396,704.31,704.31,704.35,707.76,860.27,861.85,861.89,3.41
774,student,False,False,exited,432,704.5,704.5,704.54,707.59,821.71,823.39,823.45,3.06
775,staff,False,False,exited,229,704.62,704.62,704.7,709.99,945.25,946.35,946.43,5.29
776,staff,False,False,exited,235,705.51,705.51,705.55,709.23,1040.38,1041.5,1041.57,3.67
777,student,False,False,exited,321,706.38,706.38,706.44,710.22,916.1,917.48,917.59,3.78
778,student,False,False,exited,453,706.83,706.83,706.87,710.69,867.91,869.65,869.72,3.82
779,student,False,False,exited,457,706.98,706.98,707.1,711.14,836.99,838.74,838.83,4.04
780,student,False,False,exited,330,707.76,707.76,707.88,711.69,941.25,942.65,942.8,3.81
781,staff,False,False,exited,243,707.89,707.89,707.98,711.48,1165.77,1166.92,1166.97,3.5
782,staff,False,False,exited,244,707.95,707.95,708.05,712.46,1004.07,1005.21,1005.29,4.41
783,student,False,False,exited,463,708.79,708.79,708.92,712.17,920.52,922.29,922.33,3.26
784,student,False,False,exited,285,710.17,710.17,710.38,714.0,926.05,927.33,927.42,3.62
785,student,False,False,exited,341,710.47,710.47,710.65,713.8,899.78,901.21,901.3,3.16
786,student,False,False,exited,374,710.97,710.97,711.12,715.23,817.77,819.3,819.4,4.11
787,student,False,False,exited,388,711.2,711.2,711.26,715.82,924.47,926.03,926.09,4.57
788,student,False,False,exited,449,711.33,711.33,711.36,716.56,1008.18,1009.91,1009.96,5.2
789,visitor,False,False,exited,4,711.54,711.54,711.73,713.99,796.71,797.09,797.72,2.26
790,student,False,False,exited,348,711.77,711.77,711.82,715.64,849.33,850.78,850.92,3.82
791,student,False,False,exited,464,711.93,711.93,712.07,716.22,875.83,877.59,877.66,4.15
792,student,False,False,exited,479,712.43,712.43,712.49,716.06,846.18,847.99,848.04,3.57
793,student,False,False,exited,484,712.7,712.7,712.77,717.06,848.0,849.84,849.86,4.29
794,staff,False,False,exited,246,712.82,712.82,713.0,715.64,1076.52,1077.68,1077.78,2.64
795,student,False,False,exited,487,713.38,713.38,713.41,717.79,842.14,843.98,844.1,4.39
796,staff,False,False,exited,51,713.4,713.4,713.45,715.52,1116.66,1117.26,1117.33,2.07
797,staff,False,False,exited,247,713.84,713.84,713.9,718.21,1047.57,1048.73,1048.81,4.31
798,student,False,False,exited,354,714.24,714.24,714.3,718.56,845.1,846.57,846.66,4.26
799,student,False,False,exited,386,714.75,714.75,714.91,718.67,767.32,768.87,768.9,3.77
800,visitor,False,False,exited,1,715.13,715.13,715.38,718.26,860.16,860.51,860.77,2.88
801,student,False,False,exited,461,715.13,715.13,715.22,720.17,912.75,914.51,914.59,4.95
802,student,False,False,exited,376,715.82,715.82,715.91,719.11,791.71,793.23,793.32,3.21
803,visitor,False,False,exited,5,717.59,717.59,717.93,721.49,839.76,840.14,840.73,3.57
804,visitor,False,False,exited,3,717.69,717.69,717.81,720.04,795.03,795.4,795.98,2.23
805,student,False,False,exited,300,718.75,718.75,718.96,722.09,772.43,773.75,773.78,3.13
806,student,False,False,exited,393,719.01,719.01,719.2,723.23,927.84,929.42,929.55,4.03
807,student,False,False,exited,333,719.08,719.08,719.16,723.6,878.18,879.59,879.72,4.44
808,staff,False,False,exited,248,719.51,719.51,719.62,724.65,1031.73,1032.89,1033.03,5.03
809,student,False,False,exited,412,719.59,719.59,719.81,723.77,838.21,839.83,839.96,3.96
810,student,False,False,exited,415,720.14,720.14,720.18,725.08,936.2,937.84,937.95,4.89
811,staff,False,False,exited,249,721.8,721.8,721.87,726.3,1079.02,1080.17,1080.31,4.43
812,visitor,False,False,exited,8,722.42,722.42,722.85,726.29,785.7,786.11,786.27,3.44
813,staff,False,False,exited,251,722.71,722.71,722.75,726.64,1180.74,1181.91,1181.99,3.89
814,student,False,False,exited,402,723.01,723.01,723.22,727.7,964.16,965.76,965.82,4.48
815,student,False,False,exited,306,723.72,723.72,723.95,727.98,875.2,876.54,876.57,4.03
816,visitor,False,False,exited,9,724.31,724.31,724.88,726.55,777.39,777.81,778.06,1.68
817,visitor,False,False,exited,15,725.82,725.82,726.14,727.73,891.0,891.46,892.06,1.58
818,student,False,False,exited,425,725.94,725.94,726.0,730.39,796.1,797.77,797.89,4.39
819,staff,True,False,exited,234,726.02,726.02,726.2,730.15,1182.4,1183.51,1183.54,3.95
820,student,False,False,exited,319,726.64,726.64,726.71,730.89,1118.36,1119.74,1119.8,4.18
821,student,False,False,exited,340,727.14,727.14,727.25,730.65,880.58,882.01,882.03,3.39
822,student,False,False,exited,377,727.24,727.24,727.31,731.63,845.99,847.52,847.56,4.31
823,student,False,False,exited,439,727.54,727.54,727.62,732.33,858.55,860.25,860.34,4.71
824,student,False,False,exited,472,727.74,727.74,727.78,732.1,965.04,966.83,966.98,4.32
825,staff,False,False,exited,252,727.87,727.87,727.94,733.22,1264.12,1265.29,1265.44,5.29
826,student,True,False,exited,237,727.91,727.91,728.02,730.57,800.01,801.13,801.16,2.55
827,student,False,False,exited,474,728.27,728.27,728.4,732.92,862.54,864.34,864.36,4.53
828,student,False,False,exited,313,729.14,729.14,729.3,732.87,850.22,851.58,851.61,3.57
829,student,False,False,exited,290,729.17,729.17,729.22,732.91,954.64,955.94,956.04,3.7
830,student,True,False,exited,238,729.62,729.62,729.7,733.13,937.5,938.62,938.65,3.42
831,student,False,False,exited,331,729.68,729.68,729.8,733.59,813.7,815.11,815.2,3.8
832,student,False,False,exited,342,729.77,729.77,729.87,734.82,804.39,805.82,805.87,4.95
833,staff,False,False,exited,253,729.81,729.81,729.89,732.92,1221.78,1222.95,1223.04,3.04
834,visitor,False,False,exited,16,729.92,729.92,730.21,733.54,795.71,796.17,796.68,3.33
835,student,False,False,exited,362,730.63,730.63,730.7,735.17,834.84,836.33,836.41,4.46
836,visitor,False,False,exited,14,730.77,730.77,731.18,733.19,810.19,810.65,810.99,2.01
837,visitor,False,False,exited,17,731.15,731.15,731.27,733.69,790.72,791.18,791.53,2.42
838,staff,False,False,exited,254,731.23,731.23,731.32,734.85,1137.7,1138.87,1138.94,3.53
839,staff,True,False,exited,241,731.8,731.8,731.84,735.97,1021.44,1022.58,1022.7,4.13
840,staff,False,False,exited,255,732.13,732.13,732.23,736.36,1263.51,1264.7,1264.73,4.13
841,staff,True,False,exited,257,732.41,732.41,732.63,735.58,1105.64,1106.83,1106.92,2.95
842,staff,False,False,exited,256,732.46,732.46,732.53,737.1,1148.51,1149.7,1149.74,4.57
843,student,False,False,exited,385,732.72,732.72,732.86,736.92,847.5,849.06,849.15,4.06
844,visitor,False,False,exited,7,734.62,734.62,735.08,736.94,824.4,824.79,824.96,1.87
845,student,False,False,exited,301,734.69,734.69,734.79,738.9,934.6,935.93,936.07,4.11
846,staff,False,False,exited,258,734.72,734.79,734.95,738.49,1207.41,1208.6,1208.77,3.54
847,student,False,False,exited,343,734.9,734.95,734.97,737.65,866.92,868.37,868.49,2.68
848,student,False,False,exited,482,735.15,735.15,735.3,740.11,852.32,854.14,854.28,4.81
849,student,False,False,exited,465,735.19,735.19,735.25,739.35,936.02,937.79,937.87,4.1
850,student,True,False,exited,488,735.2,735.25,735.38,738.75,886.03,887.87,887.9,3.37
851,student,False,False,exited,492,735.57,735.57,735.63,740.41,1083.27,1085.12,1085.25,4.78
852,student,False,False,exited,494,735.87,735.87,735.94,741.2,926.31,928.18,928.22,5.25
853,student,False,False,exited,501,736.69,736.69,736.77,741.07,978.16,980.05,980.08,4.3
854,student,False,False,exited,508,736.85,736.85,737.0,741.19,985.35,987.25,987.38,4.19
855,student,False,False,exited,511,737.69,737.69,737.83,742.66,980.08,982.0,982.04,4.83
856,visitor,False,False,exited,10,737.76,737.76,738.47,741.52,864.99,865.42,865.66,3.06
857,student,False,False,exited,518,738.15,738.15,738.22,742.55,946.09,948.02,948.14,4.33
858,student,False,False,exited,520,738.27,738.27,738.55,743.1,920.24,922.17,922.24,4.55
859,student,False,False,exited,535,739.15,739.15,739.26,744.43,1030.14,1032.12,1032.18,5.18
860,student,False,False,exited,495,739.15,739.15,739.23,744.99,849.57,851.44,851.53,5.76
861,student,False,False,exited,537,739.29,739.29,739.44,744.12,903.03,905.01,905.09,4.68
862,staff,False,False,exited,259,740.36,740.36,740.41,744.44,1267.0,1268.2,1268.3,4.03
863,visitor,False,False,exited,12,740.37,740.37,740.82,742.85,772.51,772.96,773.44,2.03
864,student,False,False,exited,356,740.48,740.48,740.6,743.44,879.9,881.38,881.4,2.85
865,staff,False,False,exited,260,740.54,740.6,740.64,745.11,1202.2,1203.4,1203.43,4.47
866,student,False,False,exited,310,740.56,740.64,740.71,744.65,967.32,968.67,968.72,3.94
867,student,False,False,exited,305,741.98,741.98,742.1,746.35,900.4,901.74,901.87,4.26
868,student,False,False,exited,364,742.28,742.28,742.38,746.29,872.48,873.97,874.03,3.91
869,student,False,False,exited,378,742.63,742.63,742.68,745.9,821.73,823.27,823.39,3.22
870,student,False,False,exited,417,743.58,743.58,743.78,747.07,925.38,927.02,927.06,3.3
871,staff,False,False,exited,261,743.65,743.65,743.74,748.93,1243.4,1244.61,1244.71,5.18
872,staff,True,False,exited,262,743.68,743.74,743.9,746.88,1145.09,1146.29,1146.32,2.98
873,student,False,False,exited,438,744.03,744.03,744.09,749.24,944.56,946.26,946.31,5.15
874,student,False,False,exited,528,744.29,744.29,744.41,749.17,1121.83,1123.78,1123.9,4.76
875,student,False,False,exited,551,744.55,744.55,744.6,749.55,828.72,830.74,830.8,4.95
876,student,False,False,exited,467,744.81,744.81,744.92,748.81,907.8,909.57,909.61,3.89
877,student,False,False,exited,444,746.07,746.07,746.14,749.46,1043.52,1045.23,1045.29,3.32
878,staff,False,False,exited,263,746.28,746.28,746.42,749.65,1170.13,1171.34,1171.38,3.23
879,visitor,False,False,exited,20,746.98,746.98,747.31,750.67,825.17,825.65,825.87,3.35
880,student,False,False,exited,454,746.99,746.99,747.11,750.98,1097.84,1099.57,1099.63,3.87
881,student,False,False,exited,284,747.5,747.5,747.56,751.06,859.83,861.11,861.19,3.5
882,staff,False,False,exited,264,747.67,747.67,747.79,753.07,1274.26,1275.48,1275.57,5.28
883,staff,False,False,exited,265,747.9,747.9,747.98,751.68,1125.93,1127.15,1127.26,3.7
884,student,False,False,exited,543,748.06,748.06,748.18,752.84,930.02,932.02,932.06,4.67
885,student,False,False,exited,549,748.1,748.1,748.23,752.79,814.01,816.02,816.1,4.57
886,staff,False,False,exited,266,748.13,748.18,748.23,752.59,1141.48,1142.71,1142.81,4.35
887,staff,False,False,exited,267,748.37,748.37,748.52,753.61,1387.91,1389.13,1389.18,5.09
888,student,False,False,exited,407,748.89,748.89,748.97,752.06,799.91,801.53,801.62,3.09
889,visitor,False,False,exited,21,748.92,748.92,749.72,751.72,828.49,828.97,829.1,1.99
890,student,False,False,exited,448,749.44,749.44,749.5,754.07,919.94,921.66,921.74,4.57
891,staff,True,False,exited,232,749.73,749.73,749.88,753.51,1129.66,1130.77,1130.8,3.63
892,student,False,False,exited,278,751.06,751.06,751.16,755.7,956.4,957.66,957.8,4.54
893,student,False,False,exited,293,751.32,751.32,751.43,754.47,933.08,934.38,934.4,3.04
894,student,False,False,exited,499,751.78,751.78,751.82,755.18,882.83,884.71,884.81,3.37
895,student,False,False,exited,531,751.85,751.85,751.93,756.96,814.16,816.12,816.17,5.03
896,student,False,False,exited,539,751.88,751.88,752.02,757.93,992.82,994.81,994.82,5.91
897,student,False,False,exited,553,751.91,751.93,752.05,756.58,867.44,869.47,869.54,4.53
898,student,False,False,exited,573,752.19,752.19,752.26,757.15,848.05,850.13,850.2,4.89
899,student,False,False,exited,574,752.54,752.54,752.7,758.63,961.18,963.26,963.45,5.93
900,staff,False,False,exited,69,753.17,753.17,753.24,757.27,1174.65,1175.3,1175.43,4.02
901,visitor,True,False,exited,0,753.26,753.26,753.6,756.51,796.59,796.94,797.25,2.91
902,staff,False,False,exited,43,754.86,754.86,754.92,758.85,1073.53,1074.1,1074.12,3.92
903,student,False,False,exited,460,755.05,755.05,755.2,760.92,1194.26,1196.02,1196.09,5.71
904,student,False,False,exited,346,755.98,755.98,756.1,761.26,830.87,832.32,832.44,5.15
905,visitor,True,False,exited,19,756.11,756.11,756.65,760.23,942.26,942.73,943.31,3.58
906,student,False,False,exited,363,756.49,756.49,756.6,759.74,911.06,912.56,912.83,3.14
907,student,False,False,exited,365,756.52,756.6,756.67,760.04,977.65,979.15,979.22,3.37
908,visitor,False,False,exited,22,757.01,757.01,757.25,760.87,818.13,818.62,819.28,3.62
909,visitor,False,False,exited,24,757.36,757.36,757.85,759.89,794.29,794.78,795.07,2.04
910,student,False,True,exited,47,757.94,757.94,758.01,762.17,900.44,901.03,901.12,4.16
911,staff,False,False,exited,63,758.34,758.34,758.41,763.93,1100.7,1101.33,1101.43,5.52
912,student,False,False,exited,391,759.15,759.15,759.27,764.14,1053.81,1055.39,1055.5,4.86
913,staff,False,False,parked,67,759.6,759.6,759.73,763.81,nan,nan,nan,4.08
914,student,False,False,exited,486,759.6,759.6,759.69,765.41,813.61,815.45,815.54,5.72
915,student,True,False,exited,195,760.69,760.69,760.72,765.09,1100.1,1101.09,1101.28,4.37
916,student,False,False,exited,283,761.07,761.07,761.15,764.9,1006.77,1008.05,1008.11,3.74
917,student,False,False,exited,419,762.61,762.61,762.77,768.11,1078.17,1079.82,1079.9,5.34
918,staff,True,False,exited,231,763.16,763.16,763.23,768.0,1227.18,1228.29,1228.43,4.77
919,student,False,False,exited,512,763.57,763.57,763.65,769.36,861.21,863.13,863.22,5.72
920,visitor,False,False,exited,6,764.11,764.11,764.36,766.2,954.64,955.04,955.26,1.84
921,staff,False,False,exited,78,764.5,764.5,764.6,769.45,1158.18,1158.85,1158.9,4.85
922,student,False,False,exited,451,764.98,764.98,765.1,770.0,897.58,899.32,899.37,4.9
923,staff,False,False,exited,268,765.05,765.05,765.2,770.09,1056.62,1057.86,1057.95,4.89
924,student,False,False,exited,500,765.21,765.21,765.26,769.87,918.96,920.84,920.9,4.62
925,student,False,False,exited,475,765.6,765.6,765.68,768.9,854.55,856.36,856.42,3.21
926,student,False,False,exited,524,765.89,765.89,766.02,770.42,1114.03,1115.98,1116.07,4.39
927,staff,False,False,exited,269,766.34,766.34,766.4,771.44,1194.58,1195.82,1195.89,5.04
928,staff,False,False,exited,270,766.64,766.64,766.68,772.39,1114.82,1116.06,1116.12,5.71
929,visitor,False,False,exited,25,767.62,767.62,767.99,770.77,821.31,821.81,822.25,2.78
930,visitor,False,False,exited,26,767.67,767.67,768.27,770.19,818.26,818.76,819.0,1.92
931,visitor,True,False,exited,207,769.1,769.1,769.23,773.8,851.05,852.08,852.21,4.57
932,student,False,False,exited,312,770.75,770.75,770.85,773.8,835.94,837.29,837.43,2.95
933,visitor,False,False,exited,23,770.76,770.76,771.19,774.53,853.02,853.51,853.85,3.34
934,student,False,False,exited,315,770.79,770.85,770.93,775.68,1062.58,1063.95,1063.96,4.75
935,student,False,False,exited,327,771.08,771.08,771.18,773.94,1081.6,1083.0,1083.07,2.76
936,student,False,False,exited,371,771.12,771.18,771.2,775.87,833.72,835.24,835.28,4.67
937,student,False,False,exited,300,772.47,772.47,772.68,776.39,1209.21,1210.53,1210.68,3.71
938,student,False,False,exited,386,772.6,772.6,772.71,775.99,932.92,934.48,934.53,3.28
939,student,True,False,exited,208,772.86,772.86,773.04,776.84,997.5,998.52,998.59,3.81
940,student,True,False,exited,408,773.25,773.25,773.33,778.12,882.87,884.49,884.64,4.79
941,student,False,False,exited,409,773.28,773.28,773.4,776.53,990.07,991.69,991.78,3.13
942,visitor,False,False,exited,12,773.55,773.55,773.93,777.41,843.86,844.31,844.75,3.48
943,staff,False,False,exited,56,773.77,773.77,773.86,778.15,1281.95,1282.55,1282.61,4.29
944,student,False,False,exited,430,774.1,774.1,774.26,777.37,1151.48,1153.15,1153.19,3.12
945,student,False,False,exited,302,775.01,775.01,775.09,778.82,1030.32,1031.65,1031.76,3.72
946,student,False,False,exited,279,775.24,775.24,775.32,777.96,1137.68,1138.95,1139.0,2.64
947,student,False,False,exited,459,775.31,775.31,775.37,780.81,883.48,885.23,885.28,5.44
948,staff,False,False,parked,271,775.43,775.43,775.58,780.93,nan,nan,nan,5.35
949,student,False,False,exited,339,776.12,776.12,776.21,779.94,1079.78,1081.21,1081.25,3.73
950,staff,False,False,exited,272,776.4,776.4,776.51,780.05,1230.88,1232.12,1232.16,3.54
951,staff,False,False,exited,273,776.49,776.49,776.62,779.69,1088.76,1090.01,1090.19,3.07
952,student,False,True,exited,57,776.85,776.85,777.05,779.56,947.4,948.02,948.24,2.51
953,staff,False,False,exited,274,777.0,777.0,777.08,780.21,1115.23,1116.48,1116.66,3.13
954,student,False,False,exited,446,777.13,777.13,777.24,780.94,1072.07,1073.79,1073.86,3.7
955,visitor,False,False,exited,9,777.18,777.18,777.51,779.32,817.1,817.52,818.14,1.81
956,staff,False,False,exited,275,777.19,777.24,777.29,780.45,1250.89,1252.14,1252.2,3.15
957,staff,False,False,exited,276,777.29,777.29,777.44,781.44,1256.52,1257.77,1257.82,4.0
958,staff,False,False,exited,455,777.56,777.56,777.72,784.35,1139.89,1141.63,1141.71,6.64
959,staff,True,True,exited,226,778.94,778.94,779.22,784.57,1138.04,1139.12,1139.16,5.35
960,visitor,False,False,exited,13,779.07,779.07,779.91,781.95,900.11,900.56,900.7,2.04
961,student,False,False,exited,297,779.32,779.32,779.4,783.8,1053.03,1054.34,1054.4,4.4
962,staff,False,False,exited,335,779.51,779.51,779.58,782.73,1177.32,1178.74,1178.8,3.15
963,staff,False,False,exited,394,779.6,779.6,779.76,784.94,1281.11,1282.69,1282.81,5.18
964,student,True,False,exited,223,780.03,780.03,780.2,783.46,1088.57,1089.65,1089.79,3.26
965,visitor,False,False,exited,18,780.45,780.45,780.71,782.47,829.03,829.51,829.89,1.76
966,student,False,False,exited,420,781.19,781.19,781.26,784.19,1036.3,1037.95,1038.07,2.93
967,student,False,False,exited,478,781.39,781.39,781.4,785.64,958.54,960.35,960.52,4.24
968,student,False,False,exited,490,782.09,782.09,782.16,786.47,869.29,871.14,871.28,4.31
969,student,False,False,exited,445,783.09,783.09,783.16,787.2,901.17,902.88,903.03,4.04
970,staff,False,False,exited,502,783.17,783.17,783.24,789.99,1169.97,1171.86,1171.91,6.75
971,student,False,False,exited,483,784.05,784.05,784.14,787.58,893.03,894.85,894.95,3.45
972,student,False,False,exited,493,784.18,784.18,784.3,787.69,917.23,919.09,919.15,3.39
973,student,False,False,exited,504,785.5,785.5,785.61,789.53,933.93,935.82,935.9,3.92
974,student,False,False,exited,507,785.57,785.57,785.68,789.16,867.64,869.54,869.61,3.48
975,staff,True,False,exited,68,785.71,785.71,785.77,789.75,1197.83,1198.48,1198.55,3.99
976,visitor,True,False,exited,8,785.77,785.77,786.31,790.12,947.76,948.17,949.1,3.82
977,student,False,False,exited,521,786.71,786.71,786.79,790.37,924.48,926.42,926.5,3.58
978,student,False,False,exited,416,786.94,786.94,787.06,790.95,927.73,929.37,929.47,3.9
979,student,False,True,exited,245,787.55,787.55,787.59,792.08,936.16,937.31,937.36,4.49
980,student,False,False,exited,458,787.76,787.76,787.87,792.75,1108.43,1110.18,1110.22,4.88
981,student,False,False,exited,525,788.28,788.28,788.35,793.28,944.67,946.62,946.66,4.92
982,student,False,False,exited,397,788.3,788.3,788.44,791.46,926.38,927.97,928.08,3.02
983,student,False,False,exited,527,788.32,788.35,788.7,792.0,1025.43,1027.38,1027.47,3.3
984,student,False,False,exited,530,788.63,788.63,788.74,793.81,902.99,904.96,905.0,5.07
985,student,False,False,exited,533,788.81,788.81,788.88,793.52,870.76,872.73,872.82,4.64
986,student,False,False,exited,542,789.21,789.21,789.27,793.28,1007.03,1009.02,1009.07,4.0
987,staff,False,False,exited,73,789.24,789.24,789.36,792.73,1195.82,1196.48,1196.62,3.37
988,staff,True,False,exited,80,790.06,790.06,790.12,792.68,1157.66,1158.33,1158.38,2.55
989,student,False,False,exited,468,790.08,790.08,790.09,795.08,932.84,934.61,934.62,4.99
990,staff,False,False,exited,491,790.58,790.58,790.65,796.0,1218.42,1220.28,1220.41,5.35
991,staff,False,False,exited,519,791.56,791.56,791.61,796.53,1176.53,1178.46,1178.51,4.92
992,student,False,False,exited,376,791.87,791.87,792.02,797.07,996.51,998.04,998.07,5.05
993,student,False,False,exited,547,792.15,792.15,792.2,797.16,934.77,936.78,936.83,4.96
994,student,False,False,exited,403,793.13,793.13,793.17,797.93,870.73,872.33,872.45,4.75
995,staff,False,False,exited,369,794.41,794.41,794.47,800.83,1322.62,1324.13,1324.17,6.37
996,student,False,False,exited,466,794.65,794.65,794.73,797.8,1148.62,1150.39,1150.42,3.07
997,staff,False,False,exited,516,794.8,794.8,794.82,799.77,1034.05,1035.97,1036.01,4.95
998,student,True,False,exited,544,795.31,795.31,795.47,798.89,910.82,912.82,912.89,3.43
999,student,False,False,exited,552,795.45,795.45,795.56,799.1,1136.29,1138.31,1138.34,3.54
1000,visitor,False,False,exited,3,795.47,795.47,795.85,799.3,851.1,851.47,851.8,3.45
1001,student,False,False,exited,425,796.24,796.24,796.27,800.55,976.05,977.71,977.88,4.28
1002,visitor,False,False,exited,0,796.51,796.51,797.17,799.04,829.97,830.32,830.88,1.87
1003,visitor,False,False,exited,4,797.01,797.01,797.94,801.31,865.94,866.32,866.54,3.37
1004,visitor,False,False,exited,2,797.36,797.36,797.6,799.45,881.87,882.23,882.5,1.85
1005,student,False,False,exited,344,799.1,799.1,799.26,802.79,943.9,945.34,945.38,3.54
1006,staff,False,False,exited,404,799.23,799.23,799.34,805.05,1299.22,1300.83,1300.94,5.71
1007,student,True,False,exited,513,799.29,799.29,799.41,804.08,882.84,884.76,884.89,4.68
1008,student,False,False,exited,506,799.33,799.34,799.39,804.03,980.86,982.76,982.87,4.64
1009,visitor,False,False,exited,16,799.59,799.59,799.79,803.96,838.14,838.6,839.01,4.17
1010,staff,True,False,exited,237,800.05,800.05,800.12,803.46,1148.88,1150.01,1150.24,3.33
1011,student,False,False,exited,407,800.17,800.17,800.21,803.74,933.15,934.76,934.82,3.53
1012,student,False,False,exited,470,800.54,800.54,800.62,804.97,927.08,928.87,928.96,4.35
1013,staff,False,False,exited,380,801.2,801.2,801.23,804.92,1058.76,1060.3,1060.46,3.69
1014,staff,False,False,exited,55,803.4,803.4,803.48,807.09,1076.17,1076.78,1076.84,3.61
1015,student,False,False,exited,358,803.67,803.67,803.72,808.66,1049.47,1050.94,1051.07,4.95
1016,visitor,True,False,exited,17,803.98,803.98,804.1,806.27,832.15,832.61,832.92,2.17
1017,student,False,False,exited,523,804.0,804.0,804.12,808.66,915.61,917.56,917.64,4.54
1018,student,False,True,exited,250,804.19,804.19,804.28,808.73,874.07,875.24,875.38,4.45
1019,staff,True,False,exited,79,804.49,804.49,804.55,809.61,1352.12,1352.79,1352.91,5.05
1020,visitor,True,False,exited,24,804.6,804.6,805.32,807.71,894.89,895.38,895.75,2.39
1021,student,True,False,exited,342,805.0,805.0,805.14,809.06,1027.46,1028.89,1028.96,3.92
1022,student,False,False,exited,390,805.16,805.16,805.27,809.57,911.09,912.65,912.84,4.3
1023,student,False,False,exited,473,805.37,805.37,805.43,811.1,915.98,917.78,917.82,5.67
1024,staff,False,False,exited,541,805.41,805.41,805.48,812.02,1230.94,1232.93,1232.97,6.54
1025,student,False,False,exited,548,805.49,805.49,805.54,809.91,870.23,872.24,872.26,4.36
1026,student,False,False,exited,560,806.18,806.18,806.29,811.04,905.82,907.86,907.91,4.74
1027,visitor,False,False,exited,27,806.4,806.4,806.55,809.58,986.28,986.79,987.2,3.02
1028,student,False,False,parked,562,806.64,806.64,806.69,812.38,nan,nan,nan,5.68
1029,student,False,False,exited,398,807.39,807.39,807.58,811.05,900.0,901.59,901.71,3.47
1030,student,False,False,exited,418,807.67,807.67,807.86,811.66,958.33,959.97,960.1,3.8
1031,staff,False,False,exited,538,808.84,808.84,808.95,813.46,1243.3,1245.28,1245.35,4.52
1032,student,False,False,exited,414,809.39,809.39,809.48,813.66,972.08,973.7,973.79,4.18
1033,student,False,False,exited,554,809.48,809.48,809.59,813.9,988.81,990.83,990.9,4.31
1034,student,False,False,exited,565,810.05,810.05,810.1,815.12,1248.85,1250.91,1250.96,5.02
1035,staff,True,False,exited,214,810.25,810.25,810.41,815.89,1199.56,1200.61,1200.73,5.47
1036,staff,False,False,exited,61,810.54,810.54,810.59,816.15,1300.04,1300.66,1300.84,5.56
1037,student,True,False,exited,566,810.99,810.99,811.02,817.13,948.14,950.2,950.26,6.11
1038,student,False,False,exited,545,812.03,812.03,812.15,815.93,1001.3,1003.31,1003.38,3.79
1039,visitor,False,False,exited,14,812.34,812.34,812.83,816.22,982.23,982.69,983.29,3.39
1040,student,False,False,exited,286,812.52,812.52,812.67,816.87,1137.95,1139.24,1139.31,4.2
1041,student,False,False,exited,572,812.67,812.67,812.73,817.02,1021.19,1023.26,1023.44,4.28
1042,student,False,False,exited,575,813.13,813.13,813.24,819.33,1006.9,1008.99,1009.06,6.09
1043,student,False,False,exited,331,813.71,813.71,813.9,817.63,1179.11,1180.52,1180.54,3.73
1044,student,False,False,exited,486,815.16,815.16,815.29,818.62,1063.71,1065.55,1065.63,3.33
1045,student,False,False,exited,334,816.6,816.6,816.69,821.42,917.91,919.33,919.37,4.73
1046,student,False,False,exited,531,816.61,816.61,816.75,821.39,951.21,953.18,953.26,4.64
1047,student,False,False,exited,540,817.18,817.18,817.28,822.55,957.33,959.31,959.42,5.27
1048,staff,False,False,exited,53,817.53,817.53,817.58,823.1,1268.5,1269.11,1269.22,5.52
1049,student,False,False,exited,374,817.93,817.93,818.1,822.91,997.01,998.54,998.6,4.8
1050,student,False,False,exited,413,818.69,818.69,818.77,822.24,999.85,1001.48,1001.57,3.47
1051,staff,False,False,exited,101,818.82,818.82,818.9,822.2,1307.12,1307.85,1307.88,3.3
1052,student,False,False,exited,308,819.14,819.14,819.3,822.04,908.56,909.9,909.96,2.74
1053,staff,False,False,exited,128,819.16,819.16,819.24,823.75,1405.04,1405.85,1405.97,4.51
1054,student,False,False,exited,440,819.33,819.33,819.46,823.85,1083.22,1084.93,1084.98,4.39
1055,staff,False,False,exited,549,819.77,819.77,819.87,824.9,1219.4,1221.42,1221.52,5.03
1056,student,False,False,exited,316,819.81,819.81,819.86,823.25,1142.0,1143.36,1143.48,3.39
1057,student,False,False,exited,576,820.05,820.05,820.18,826.48,983.3,985.38,985.41,6.3
1058,student,False,False,exited,561,820.07,820.07,820.1,826.2,969.76,971.81,971.86,6.1
1059,student,False,False,exited,559,820.34,820.34,820.5,824.43,922.32,924.36,924.43,3.94
1060,student,False,False,exited,577,820.48,820.48,820.6,824.73,905.82,907.91,908.0,4.13
1061,staff,False,False,exited,578,821.13,821.13,821.27,827.59,1330.16,1332.26,1332.37,6.31
1062,staff,False,False,exited,60,821.17,821.17,821.27,823.94,1344.63,1345.26,1345.34,2.68
1063,student,True,False,exited,378,822.08,822.08,822.16,825.49,911.2,912.73,912.9,3.33
1064,visitor,False,False,exited,9,823.19,823.19,823.59,827.51,1069.17,1069.58,1069.83,3.91
1065,staff,False,False,exited,326,823.67,823.67,823.75,830.33,1294.48,1295.88,1295.96,6.58
1066,staff,False,False,exited,432,824.27,824.27,824.37,830.7,1123.28,1124.96,1125.05,6.33
1067,staff,False,False,exited,556,824.31,824.31,824.53,831.2,1375.89,1377.92,1377.95,6.67
1068,staff,False,False,exited,579,824.7,824.7,824.79,830.27,1354.81,1356.91,1356.97,5.48
1069,student,False,False,exited,580,824.93,824.93,824.99,828.97,1049.23,1051.33,1051.47,3.97
1070,staff,False,True,exited,52,825.02,825.02,825.11,830.12,1432.59,1433.19,1433.26,5.01
1071,visitor,False,False,exited,7,825.14,825.14,825.55,829.3,881.71,882.11,882.24,3.75
1072,student,False,False,exited,581,825.76,825.76,825.99,830.84,1011.48,1013.58,1013.69,4.86
1073,student,False,False,exited,322,825.88,825.88,825.95,829.22,990.21,991.59,991.68,3.26
1074,student,False,False,exited,489,826.46,826.46,826.54,832.11,982.31,984.16,984.23,5.57
1075,visitor,False,False,exited,20,826.48,826.48,827.45,830.17,1181.63,1182.11,1182.44,2.72
1076,student,False,False,exited,582,826.69,826.69,826.75,830.87,1015.71,1017.8,1017.88,4.13
1077,staff,False,False,exited,108,827.25,827.25,827.34,830.98,1180.42,1181.17,1181.26,3.64
1078,staff,False,False,exited,379,827.44,827.44,827.47,832.94,1345.0,1346.54,1346.65,5.47
1079,visitor,False,False,exited,21,827.85,827.85,828.69,832.09,901.72,902.2,903.06,3.39
1080,student,False,False,exited,583,828.08,828.08,828.14,833.18,1190.01,1192.12,1192.18,5.03
1081,staff,False,False,parked,551,828.96,828.96,829.01,836.61,nan,nan,nan,7.6
1082,visitor,False,False,exited,18,829.15,829.15,829.72,832.32,883.6,884.07,884.3,2.6
1083,student,False,False,exited,338,829.27,829.27,829.37,833.53,1052.75,1054.17,1054.27,4.16
1084,staff,False,False,exited,99,829.39,829.39,829.6,832.96,1294.46,1295.19,1295.28,3.35
1085,student,False,False,exited,584,829.39,829.6,829.68,834.09,977.25,979.36,979.37,4.41
1086,staff,True,False,exited,585,829.93,829.93,829.97,834.32,1239.24,1241.35,1241.42,4.35
1087,student,False,False,exited,586,829.95,829.95,830.02,834.9,972.74,974.85,974.93,4.88
1088,student,False,False,exited,587,830.35,830.35,830.54,834.29,1000.17,1002.29,1002.35,3.75
1089,student,False,False,exited,294,830.6,830.6,830.71,835.19,997.67,998.98,999.09,4.48
1090,student,False,False,exited,346,831.24,831.24,831.33,836.61,947.0,948.44,948.58,5.28
1091,student,False,True,exited,64,831.63,831.63,831.72,836.22,919.64,920.28,920.33,4.5
1092,staff,False,False,exited,588,831.64,831.64,831.78,838.32,1207.03,1209.14,1209.28,6.53
1093,student,False,False,exited,589,831.65,831.72,831.79,836.73,931.87,934.0,934.05,4.95
1094,student,False,False,exited,428,832.51,832.51,832.56,838.74,983.48,985.15,985.24,6.18
1095,staff,True,False,parked,314,832.74,832.74,832.91,839.18,nan,nan,nan,6.27
1096,staff,False,False,exited,570,833.09,833.09,833.16,841.12,1267.39,1269.46,1269.48,7.96
1097,student,False,False,exited,292,833.58,833.58,833.64,837.68,943.56,944.86,944.98,4.04
1098,visitor,False,False,exited,0,834.43,834.43,834.96,837.82,923.27,923.62,924.14,2.86
1099,student,False,True,exited,277,834.62,834.62,834.7,839.42,920.44,921.69,921.72,4.72
1100,staff,False,False,exited,320,834.76,834.76,834.89,839.11,1380.49,1381.87,1381.91,4.23
1101,student,True,False,exited,281,835.43,835.43,835.48,839.64,911.96,913.24,913.36,4.16
1102,staff,True,False,exited,312,835.97,835.97,836.11,840.93,1313.15,1314.5,1314.58,4.82
1103,visitor,False,False,exited,17,836.16,836.16,836.32,839.31,867.21,867.67,867.93,3.0
1104,staff,False,False,exited,336,837.18,837.18,837.21,841.23,1344.15,1345.57,1345.66,4.01
1105,student,False,False,exited,359,838.57,838.57,838.67,841.76,982.46,983.94,984.01,3.1
1106,staff,False,False,exited,362,838.6,838.6,838.7,842.85,1285.7,1287.2,1287.27,4.15
1107,student,False,False,exited,371,838.69,838.69,838.82,844.24,1091.74,1093.25,1093.4,5.42
1108,staff,False,False,exited,387,838.85,838.85,838.92,842.81,1280.54,1282.1,1282.16,3.89
1109,staff,False,False,exited,347,839.52,839.52,839.6,843.64,1186.19,1187.64,1187.69,4.04
1110,visitor,False,False,exited,5,839.92,839.92,840.7,845.14,1040.59,1040.98,1041.8,4.45
1111,student,False,False,exited,399,839.97,839.97,840.07,846.0,969.81,971.4,971.63,5.93
1112,student,False,True,exited,412,840.06,840.07,840.14,846.07,1175.2,1176.83,1176.89,5.93
1113,student,True,False,exited,224,841.59,841.59,841.68,844.58,1004.62,1005.7,1005.75,2.91
1114,student,False,False,exited,325,842.65,842.65,842.72,848.16,930.59,931.98,932.07,5.44
1115,student,False,False,exited,426,842.97,842.97,843.02,847.18,914.33,915.99,916.03,4.16
1116,student,False,False,exited,442,843.32,843.32,843.39,849.25,1052.18,1053.89,1053.96,5.86
1117,staff,False,False,exited,75,843.57,843.57,843.63,847.88,1315.91,1316.58,1316.61,4.25
1118,student,False,False,exited,372,843.96,843.96,844.0,849.2,1006.9,1008.42,1008.53,5.2
1119,student,False,False,exited,354,845.16,845.16,845.25,848.77,1044.52,1045.99,1046.09,3.52
1120,student,False,False,exited,377,845.95,845.95,846.05,851.57,1033.33,1034.86,1034.98,5.52
1121,visitor,False,False,exited,12,845.99,845.99,847.43,851.63,862.9,863.34,863.55,4.2
1122,staff,False,False,exited,48,846.2,846.2,846.27,850.69,1265.88,1266.47,1266.57,4.42
1123,student,False,False,exited,441,846.44,846.44,846.57,852.39,1065.02,1066.73,1066.81,5.82
1124,student,True,False,exited,227,846.92,846.92,847.07,850.62,1231.46,1232.55,1232.6,3.54
1125,student,False,False,exited,421,847.13,847.13,847.22,851.63,1025.43,1027.08,1027.12,4.41
1126,student,False,False,exited,431,847.32,847.32,847.36,850.98,1042.94,1044.62,1044.68,3.62
1127,student,False,False,exited,385,847.68,847.68,847.77,852.7,988.47,990.03,990.1,4.93
1128,student,False,False,exited,443,848.08,848.08,848.16,851.89,1015.35,1017.06,1017.2,3.73
1129,visitor,False,False,exited,16,848.23,848.23,848.7,851.44,889.22,889.68,889.89,2.74
1130,student,False,True,exited,313,850.22,850.22,850.37,854.61,985.84,987.2,987.29,4.23
1131,staff,False,False,parked,62,850.32,850.32,850.46,853.6,nan,nan,nan,3.14
1132,student,False,False,exited,280,850.52,850.52,850.57,854.25,1066.39,1067.66,1067.75,3.69
1133,visitor,True,False,exited,207,850.57,850.57,851.19,855.18,914.5,915.53,916.05,4.0
1134,visitor,False,False,exited,3,850.58,850.58,851.17,853.32,935.33,935.7,935.83,2.15
1135,staff,False,False,exited,72,851.54,851.54,851.66,856.92,1305.25,1305.91,1305.98,5.27
1136,student,False,False,exited,295,851.59,851.59,851.87,856.87,968.92,970.23,970.27,4.99
1137,student,False,False,exited,332,851.73,851.73,851.81,855.19,1099.11,1100.52,1100.58,3.38
1138,staff,False,False,exited,82,852.32,852.32,852.39,855.04,1323.22,1323.9,1323.94,2.65
1139,staff,False,False,exited,120,852.42,852.42,852.55,858.45,1363.32,1364.11,1364.29,5.9
1140,student,False,False,exited,348,852.5,852.5,852.68,856.1,1268.31,1269.76,1269.82,3.42
1141,student,False,False,exited,353,852.74,852.74,852.78,855.63,1043.66,1045.12,1045.17,2.85
1142,student,True,False,exited,233,852.85,852.85,852.98,856.26,1033.63,1034.74,1034.92,3.28
1143,staff,False,False,exited,401,852.91,852.91,852.95,859.23,1239.86,1241.46,1241.57,6.28
1144,staff,False,False,exited,434,853.15,853.15,853.21,859.5,1224.07,1225.75,1225.82,6.29
1145,staff,False,False,exited,452,853.25,853.25,853.34,859.75,1387.54,1389.28,1389.34,6.41
1146,staff,False,False,exited,323,855.61,855.61,855.72,861.79,1207.23,1208.62,1208.66,6.07
1147,student,False,False,exited,457,855.89,855.89,856.01,860.88,983.18,984.93,984.95,4.87
1148,student,False,False,exited,469,856.24,856.24,856.34,860.02,946.32,948.1,948.19,3.67
1149,student,False,False,exited,475,857.35,857.35,857.47,863.41,1395.96,1397.77,1397.88,5.94
1150,staff,False,False,exited,439,858.88,858.88,859.02,865.19,1201.32,1203.02,1203.08,6.17
1151,student,False,False,exited,479,859.22,859.22,859.32,863.74,1031.93,1033.74,1033.78,4.41
1152,student,False,False,exited,480,859.27,859.27,859.33,863.19,1192.29,1194.11,1194.15,3.87
1153,student,False,False,exited,482,859.44,859.44,859.6,864.57,1043.33,1045.16,1045.26,4.97
1154,student,False,False,exited,284,861.44,861.44,861.56,864.57,965.74,967.02,967.08,3.01
1155,student,False,False,exited,351,861.65,861.65,861.79,864.98,998.31,999.78,999.8,3.19
1156,student,False,False,exited,396,862.07,862.07,862.25,867.23,971.63,973.21,973.32,4.98
1157,student,True,False,exited,447,862.84,862.84,862.88,866.15,970.26,971.99,972.08,3.27
1158,staff,False,False,exited,474,863.12,863.12,863.23,869.27,1367.15,1368.95,1369.09,6.04
1159,student,False,False,exited,360,863.58,863.58,863.66,867.75,1049.05,1050.54,1050.56,4.1
1160,student,False,False,exited,487,863.85,863.85,863.95,868.5,982.0,983.84,983.99,4.56
1161,student,False,False,exited,484,863.91,863.91,863.94,869.77,1193.43,1195.26,1195.37,5.83
1162,staff,False,False,exited,495,864.08,864.08,864.16,868.73,1297.69,1299.56,1299.6,4.58
1163,student,False,False,exited,304,865.12,865.12,865.21,867.99,1207.16,1208.5,1208.58,2.78
1164,staff,False,False,parked,497,865.36,865.36,865.52,872.12,nan,nan,nan,6.6
1165,visitor,False,False,exited,1,866.92,866.92,867.61,870.9,912.07,912.42,912.78,3.29
1166,staff,False,False,exited,296,867.88,867.88,867.98,871.78,1236.78,1238.09,1238.14,3.8
1167,student,False,False,exited,343,868.2,868.2,868.28,871.9,1306.93,1308.37,1308.52,3.63
1168,staff,False,False,exited,381,868.57,868.57,868.7,873.69,1330.56,1332.11,1332.27,4.99
1169,student,False,False,exited,453,869.17,869.17,869.39,873.57,1053.76,1055.5,1055.58,4.18
1170,student,False,False,exited,490,869.62,869.62,869.77,875.13,1098.03,1099.88,1099.99,5.36
1171,student,False,False,exited,503,869.92,869.92,869.97,874.48,1109.27,1111.16,1111.22,4.51
1172,student,False,False,exited,403,871.32,871.32,871.4,876.12,1090.63,1092.24,1092.4,4.72
1173,student,False,False,exited,456,871.56,871.56,871.77,876.02,938.46,940.21,940.36,4.26
1174,student,False,False,exited,357,873.05,873.05,873.3,877.14,1062.16,1063.64,1063.67,3.85
1175,student,False,False,exited,364,873.67,873.67,873.87,879.25,960.94,962.44,962.49,5.37
1176,student,False,False,exited,366,873.85,873.85,874.01,879.35,1100.76,1102.26,1102.29,5.34
1177,student,False,True,exited,42,873.99,873.99,874.08,876.92,1009.56,1010.13,1010.19,2.84
1178,visitor,False,False,exited,4,874.61,874.61,875.13,878.68,964.26,964.64,964.97,3.55
1179,student,False,False,exited,306,875.09,875.09,875.21,878.69,926.95,928.29,928.37,3.47
1180,staff,False,False,exited,44,875.15,875.15,875.28,880.27,1295.38,1295.96,1295.99,4.99
1181,student,False,False,exited,464,876.09,876.09,876.24,880.81,1087.26,1089.03,1089.06,4.57
1182,student,False,False,exited,471,876.63,876.63,876.71,880.65,1008.9,1010.69,1010.76,3.95
1183,student,False,False,exited,485,877.17,877.17,877.27,881.04,998.1,999.93,999.99,3.77
1184,student,True,False,exited,333,878.78,878.78,878.9,883.86,1070.75,1072.16,1072.24,4.96
1185,student,False,True,exited,250,879.21,879.21,879.26,882.76,1042.74,1043.91,1044.05,3.5
1186,student,False,False,exited,350,879.36,879.36,879.43,883.5,1049.78,1051.24,1051.3,4.07
1187,student,False,False,exited,298,880.6,880.6,880.66,884.17,978.25,979.56,979.61,3.5
1188,student,False,False,exited,340,880.77,880.77,880.9,884.33,1025.26,1026.69,1026.76,3.43
1189,student,False,False,exited,356,882.63,882.63,882.67,886.94,1012.63,1014.11,1014.16,4.27
1190,student,False,False,exited,337,884.08,884.08,884.24,887.6,1255.7,1257.13,1257.16,3.36
1191,student,False,False,exited,408,885.09,885.09,885.2,888.92,1003.23,1004.85,1004.92,3.72
1192,student,False,False,exited,424,885.26,885.26,885.4,888.73,975.78,977.43,977.56,3.33
1193,student,False,False,exited,459,885.47,885.47,885.68,889.97,1113.28,1115.03,1115.14,4.29
1194,student,False,False,exited,384,888.37,888.37,888.57,893.99,965.61,967.15,967.25,5.42
1195,student,False,False,exited,488,889.19,889.19,889.23,894.71,1189.41,1191.25,1191.33,5.48
1196,student,False,False,exited,499,889.39,889.39,889.47,893.66,1085.96,1087.84,1087.89,4.19
1197,visitor,False,False,exited,2,889.6,889.6,890.18,892.71,927.22,927.59,928.3,2.53
1198,student,False,False,exited,505,889.71,889.71,889.77,893.7,1027.33,1029.23,1029.38,3.92
1199,student,False,False,exited,389,891.14,891.14,891.27,896.17,1139.39,1140.95,1141.03,4.9
1200,student,False,False,exited,410,891.62,891.62,891.75,896.39,991.34,992.97,993.03,4.64
1201,visitor,False,False,exited,7,892.37,892.37,892.77,896.27,1099.32,1099.72,1099.98,3.5
1202,student,False,False,exited,437,892.51,892.51,892.57,895.79,1151.15,1152.85,1152.9,3.22
1203,student,False,False,exited,483,893.3,893.3,893.45,898.61,1161.1,1162.93,1163.0,5.17
1204,visitor,False,False,exited,10,893.42,893.42,894.52,897.75,988.67,989.1,989.8,3.23
1205,student,False,False,exited,382,893.67,893.67,893.74,897.07,1244.01,1245.56,1245.69,3.33
1206,visitor,False,False,exited,11,895.78,895.78,895.96,899.24,945.53,945.96,946.23,3.28
1207,student,False,False,exited,507,896.13,896.13,896.25,900.53,1045.05,1046.95,1047.07,4.28
1208,staff,False,False,exited,46,896.92,896.92,897.0,902.19,1277.38,1277.96,1278.2,5.18
1209,student,False,False,exited,287,898.25,898.25,898.41,901.76,1243.82,1245.11,1245.19,3.35
1210,student,False,False,exited,451,898.54,898.54,898.63,903.07,1053.48,1055.22,1055.28,4.44
1211,visitor,False,False,exited,12,898.72,898.72,898.77,901.45,1101.26,1101.7,1102.05,2.68
1212,student,False,False,exited,427,899.42,899.42,899.58,903.27,1156.95,1158.62,1158.69,3.69
1213,visitor,False,False,exited,13,899.8,899.8,900.2,901.94,1000.43,1000.87,1001.27,1.74
1214,student,False,False,exited,341,900.28,900.28,900.34,905.47,1066.12,1067.55,1067.58,5.13
1215,staff,False,False,exited,59,900.33,900.33,900.47,903.59,1359.75,1360.37,1360.44,3.12
1216,visitor,False,True,exited,47,901.59,901.59,901.96,905.82,953.34,953.92,954.72,3.86
1217,student,False,False,exited,305,902.31,902.31,902.48,906.27,976.81,978.15,978.26,3.79
1218,visitor,False,False,exited,15,903.15,903.15,903.33,905.28,949.92,950.38,950.62,1.94
1219,student,False,False,exited,345,905.68,905.68,905.82,910.6,1012.25,1013.7,1013.8,4.78
1220,staff,False,False,exited,77,906.07,906.07,906.19,909.09,1178.85,1179.52,1179.56,2.91
1221,student,False,False,exited,303,909.64,909.64,909.72,912.86,1111.04,1112.37,1112.48,3.15
1222,student,False,False,exited,308,909.96,909.96,910.04,913.3,1006.79,1008.13,1008.27,3.26
1223,staff,False,False,exited,54,911.26,911.26,911.31,915.23,1210.75,1211.36,1211.41,3.92
1224,student,True,False,exited,202,912.87,912.87,912.99,916.28,1055.33,1056.34,1056.38,3.29
1225,student,True,False,exited,207,915.45,915.45,915.58,918.57,1405.62,1406.65,1406.73,2.99
1226,student,False,False,exited,281,916.22,916.22,916.3,919.81,983.94,985.22,985.34,3.51
1227,staff,False,False,parked,45,919.24,919.24,919.5,921.72,nan,nan,nan,2.23
1228,student,False,False,exited,307,919.76,919.76,919.9,922.49,1051.22,1052.56,1052.62,2.59
1229,staff,False,False,exited,71,919.84,919.84,919.89,922.82,1390.33,1390.99,1391.17,2.93
1230,visitor,False,False,exited,1,920.74,920.74,920.91,923.23,1076.91,1077.26,1077.75,2.33
1231,student,False,False,exited,277,921.52,921.52,921.6,924.1,1283.03,1284.29,1284.36,2.51
1232,student,False,False,exited,321,922.2,922.2,922.25,925.78,1260.84,1262.22,1262.26,3.52
1233,staff,False,False,parked,65,922.38,922.38,922.48,926.09,nan,nan,nan,3.61
1234,student,True,False,exited,228,922.47,922.47,922.53,924.96,1060.12,1061.21,1061.31,2.44
1235,student,False,False,exited,334,922.72,922.72,922.83,926.93,1047.15,1048.56,1048.66,4.1
1236,staff,True,False,exited,236,923.35,923.35,923.43,928.59,1382.89,1384.02,1384.1,5.16
1237,student,False,False,exited,361,923.49,923.49,923.56,926.99,1053.72,1055.21,1055.26,3.43
1238,student,False,False,exited,363,923.55,923.55,923.62,927.55,992.99,994.48,994.56,3.93
1239,staff,False,False,exited,81,924.52,924.52,924.59,927.55,1335.98,1336.66,1336.77,2.96
1240,student,False,False,exited,368,925.5,925.5,925.83,929.83,1005.69,1007.2,1007.28,4.0
1241,student,False,False,exited,378,925.89,925.89,925.98,928.67,1177.91,1179.44,1179.53,2.69
1242,student,True,False,exited,285,927.06,927.06,927.15,929.67,1050.65,1051.94,1051.99,2.52
1243,visitor,False,False,exited,0,927.71,927.71,927.84,929.49,985.23,985.58,985.8,1.65
1244,staff,False,False,exited,49,927.95,927.95,928.03,929.9,1361.15,1361.74,1361.8,1.87
1245,student,False,False,exited,306,928.91,928.91,928.98,932.81,1034.53,1035.87,1035.91,3.82
1246,student,False,False,exited,355,929.79,929.79,929.87,933.13,1041.09,1042.57,1042.58,3.25
1247,student,False,False,exited,311,929.8,929.8,929.85,933.64,1080.21,1081.56,1081.65,3.8
1248,student,False,False,exited,317,932.19,932.19,932.36,935.06,1245.23,1246.6,1246.75,2.7
1249,student,False,False,exited,293,933.26,933.26,933.44,935.58,1161.39,1162.7,1162.77,2.14
1250,visitor,False,False,exited,2,933.76,933.76,934.29,936.44,993.03,993.39,993.65,2.15
1251,student,True,False,exited,220,933.76,933.76,933.84,936.76,1158.47,1159.53,1159.59,2.92
1252,staff,False,False,exited,83,933.86,933.86,933.89,936.59,1297.89,1298.58,1298.62,2.69
1253,student,False,False,exited,325,933.9,933.9,934.03,937.23,1177.4,1178.8,1178.97,3.21
1254,student,False,False,exited,352,934.08,934.08,934.16,937.55,1013.71,1015.18,1015.32,3.39
1255,student,False,False,exited,301,934.74,934.74,934.89,937.37,1134.24,1135.57,1135.65,2.48
1256,student,False,False,exited,367,935.36,935.36,935.42,938.27,989.44,990.95,991.01,2.85
1257,staff,False,False,exited,88,935.66,935.66,935.78,937.92,1421.4,1422.1,1422.35,2.14
1258,visitor,False,False,exited,3,935.84,935.84,936.14,937.96,964.69,965.06,965.33,1.82
1259,visitor,False,False,exited,16,936.43,936.43,936.98,939.15,1032.23,1032.7,1033.15,2.18
1260,student,False,False,exited,329,937.99,937.99,938.08,940.29,1022.68,1024.09,1024.11,2.21
1261,staff,True,False,exited,238,939.53,939.53,939.6,943.21,1318.92,1320.04,1320.24,3.61
1262,student,False,False,exited,370,940.14,940.14,940.24,942.97,1236.74,1238.25,1238.31,2.73
1263,visitor,True,False,exited,219,940.83,940.83,941.18,944.18,1065.79,1066.85,1067.48,3.0
1264,student,False,False,parked,330,943.39,943.39,943.47,946.6,nan,nan,nan,3.13
1265,student,False,False,exited,292,944.61,944.61,944.71,947.05,1250.53,1251.83,1251.9,2.35
1266,student,False,False,exited,344,945.33,945.33,945.43,948.59,1067.34,1068.79,1068.84,3.16
1267,student,False,False,exited,299,946.49,946.49,946.62,949.29,1097.7,1099.03,1099.14,2.67
1268,student,False,False,exited,346,947.2,947.2,947.27,949.58,1108.44,1109.88,1109.94,2.3
1269,visitor,False,False,exited,8,948.66,948.66,948.93,950.17,987.05,987.47,987.88,1.24
1270,staff,False,False,parked,92,949.61,949.61,949.74,952.33,nan,nan,nan,2.59
1271,visitor,False,False,exited,11,951.13,951.13,951.61,953.98,980.19,980.62,980.92,2.37
1272,student,False,False,exited,375,951.34,951.34,951.45,955.13,1028.66,1030.19,1030.3,3.68
1273,student,False,False,exited,386,951.97,951.97,952.04,955.53,1088.33,1089.89,1089.94,3.49
1274,student,False,False,exited,388,952.69,952.69,952.78,955.47,1158.33,1159.89,1159.93,2.69
1275,student,False,False,exited,390,952.73,952.73,952.87,956.5,1195.99,1197.56,1197.72,3.63
1276,student,False,False,exited,290,955.43,955.43,955.56,957.95,1139.49,1140.78,1140.87,2.4
1277,student,False,False,exited,291,955.61,955.61,955.67,958.54,1139.92,1141.22,1141.29,2.87
1278,student,False,False,exited,392,955.65,955.65,955.75,958.68,1098.13,1099.7,1099.81,2.93
1279,student,False,False,exited,393,955.97,955.97,956.07,958.95,1131.75,1133.33,1133.46,2.89
1280,student,False,False,exited,278,956.73,956.73,956.79,960.31,1139.83,1141.1,1141.22,3.52
1281,staff,False,False,exited,95,957.81,957.81,957.84,960.34,1280.11,1280.83,1280.87,2.5
1282,student,False,False,exited,397,957.92,957.92,957.94,960.46,1105.54,1107.13,1107.29,2.52
1283,visitor,False,False,exited,6,958.93,958.93,959.16,960.33,1061.24,1061.64,1061.87,1.17
1284,student,False,False,exited,349,961.44,961.44,961.52,963.78,1076.15,1077.61,1077.67,2.25
1285,staff,False,False,exited,87,962.11,962.11,962.24,964.69,1254.31,1255.01,1255.16,2.46
1286,staff,False,False,exited,66,962.15,962.15,962.22,965.83,1360.3,1360.94,1361.0,3.61
1287,staff,False,False,exited,98,962.41,962.41,962.53,965.38,1388.31,1389.03,1389.1,2.85
1288,staff,False,False,parked,97,962.42,962.42,962.53,964.59,nan,nan,nan,2.06
1289,visitor,False,False,exited,15,962.71,962.71,963.59,964.85,992.59,993.05,993.53,1.26
1290,student,False,False,exited,364,962.95,962.95,963.05,965.85,1125.86,1127.35,1127.42,2.79
1291,student,False,False,exited,398,963.59,963.59,963.69,967.04,1088.7,1090.29,1090.37,3.35
1292,student,False,False,exited,400,963.79,963.79,963.85,967.17,1193.94,1195.53,1195.61,3.31
1293,student,False,False,exited,405,963.8,963.8,963.97,966.73,1044.31,1045.91,1045.97,2.76
1294,student,False,False,exited,402,964.65,964.65,964.71,967.21,1079.24,1080.84,1080.9,2.5
1295,student,False,False,exited,407,964.84,964.84,964.97,968.6,1138.0,1139.62,1139.68,3.64
1296,student,False,False,exited,411,965.39,965.39,965.54,968.08,1049.88,1051.51,1051.52,2.54
1297,student,False,False,exited,384,965.66,965.66,965.69,969.19,1158.23,1159.78,1159.82,3.5
1298,student,False,False,exited,284,965.81,965.81,965.91,969.32,1237.75,1239.03,1239.08,3.4
1299,student,False,False,exited,415,967.05,967.05,967.08,969.98,1121.47,1123.11,1123.22,2.9
1300,staff,False,False,exited,100,967.1,967.1,967.19,971.02,1419.08,1419.81,1419.98,3.83
1301,staff,False,False,exited,102,967.62,967.62,967.72,971.4,1380.69,1381.43,1381.55,3.67
1302,student,False,False,exited,310,968.38,968.38,968.45,971.79,1223.87,1225.21,1225.29,3.33
1303,student,False,False,exited,295,969.22,969.22,969.29,972.7,1112.2,1113.51,1113.6,3.42
1304,student,False,False,exited,416,969.35,969.35,969.39,972.86,1034.44,1036.08,1036.19,3.47
1305,student,False,False,exited,417,969.45,969.45,969.56,972.63,1061.83,1063.47,1063.55,3.07
1306,staff,False,False,parked,50,969.8,969.8,969.92,972.19,nan,nan,nan,2.27
1307,student,False,False,exited,399,971.31,971.31,971.41,975.04,1061.42,1063.01,1063.04,3.62
1308,visitor,False,False,exited,3,971.36,971.36,971.83,973.19,1019.41,1019.78,1020.16,1.35
1309,student,False,False,exited,396,971.71,971.71,971.78,975.07,1116.83,1118.41,1118.5,3.29
1310,staff,False,False,exited,86,972.35,972.35,972.46,975.54,1379.84,1380.53,1380.67,3.08
1311,student,False,False,exited,414,972.86,972.86,972.94,976.17,1429.94,1431.57,1431.61,3.22
1312,student,False,False,exited,318,973.12,973.12,973.19,976.25,1164.64,1166.01,1166.18,3.06
1313,staff,False,False,parked,89,974.18,974.18,974.26,977.63,nan,nan,nan,3.36
1314,student,False,False,exited,305,977.06,977.06,977.09,980.32,1129.12,1130.45,1130.51,3.23
1315,staff,False,False,exited,104,977.16,977.16,977.24,979.83,1266.0,1266.74,1266.77,2.59
1316,student,False,False,exited,324,978.11,978.11,978.15,980.85,1079.9,1081.28,1081.36,2.7
1317,student,False,False,exited,298,978.23,978.23,978.31,981.16,1157.84,1159.16,1159.18,2.85
1318,student,False,False,exited,365,978.64,978.64,978.68,981.93,1036.85,1038.34,1038.42,3.25
1319,staff,True,False,exited,213,980.65,980.65,980.68,983.89,1339.95,1340.99,1341.04,3.21
1320,student,False,False,exited,418,981.7,981.7,981.83,985.16,1241.96,1243.6,1243.66,3.33
1321,visitor,False,False,exited,4,982.6,982.6,983.27,984.43,1005.43,1005.81,1006.25,1.16
1322,staff,False,False,parked,106,983.18,983.18,983.24,986.04,nan,nan,nan,2.8
1323,staff,False,False,exited,107,983.49,983.49,983.6,986.27,1391.51,1392.26,1392.3,2.67
1324,student,False,False,exited,281,983.83,983.83,983.95,986.09,1121.14,1122.41,1122.48,2.13
1325,staff,True,False,parked,242,984.3,984.3,984.35,987.61,nan,nan,nan,3.26
1326,visitor,False,False,exited,0,985.06,985.06,985.44,987.13,1176.77,1177.12,1177.67,1.69
1327,student,True,True,exited,47,985.74,985.74,985.84,987.95,1214.34,1214.93,1215.08,2.11
1328,student,False,False,exited,313,985.86,985.86,985.96,988.53,1164.85,1166.21,1166.28,2.57
1329,student,False,False,exited,424,986.7,986.7,986.9,989.58,1114.6,1116.26,1116.31,2.68
1330,student,False,False,exited,359,986.76,986.76,986.83,989.64,1169.51,1170.99,1171.02,2.81
1331,staff,False,True,exited,57,987.38,987.38,987.53,990.83,1382.48,1383.1,1383.15,3.31
1332,student,False,False,exited,425,987.7,987.7,987.76,990.31,1169.94,1171.6,1171.65,2.55
1333,student,False,False,exited,426,987.82,987.82,987.86,991.53,1307.19,1308.85,1308.9,3.67
1334,student,False,False,exited,385,988.98,988.98,989.03,992.0,1214.64,1216.2,1216.26,2.97
1335,student,False,False,exited,322,990.95,990.95,991.11,993.17,1125.29,1126.68,1126.8,2.06
1336,student,False,False,exited,367,991.23,991.23,991.35,993.63,1082.07,1083.58,1083.65,2.28
1337,staff,False,False,parked,109,991.34,991.34,991.38,994.45,nan,nan,nan,3.06
1338,student,False,False,exited,410,992.08,992.08,992.18,995.6,1272.76,1274.38,1274.48,3.42
1339,student,False,False,exited,409,992.09,992.09,992.12,994.8,1127.86,1129.48,1129.52,2.68
1340,staff,False,False,exited,112,992.61,992.61,992.76,994.96,1379.5,1380.26,1380.32,2.2
1341,student,False,False,exited,428,992.74,992.74,992.84,995.23,1194.46,1196.13,1196.17,2.39
1342,student,False,False,exited,363,994.05,994.05,994.07,997.05,1125.99,1127.48,1127.63,2.98
1343,student,False,False,exited,429,994.11,994.11,994.25,997.63,1281.57,1283.24,1283.32,3.38
1344,visitor,False,False,exited,2,996.73,996.73,997.14,998.58,1290.77,1291.14,1291.34,1.44
1345,staff,False,False,exited,93,997.12,997.12,997.27,999.26,1439.0,1439.71,1439.82,1.99
1346,student,False,False,exited,282,998.05,998.05,998.16,1000.75,1291.63,1292.9,1292.96,2.59
1347,student,False,False,exited,294,999.1,999.1,999.33,1002.01,1161.12,1162.43,1162.55,2.68
1348,student,False,False,exited,351,1000.1,1000.1,1000.21,1003.41,1304.92,1306.38,1306.48,3.2
1349,staff,False,False,exited,113,1001.41,1001.41,1001.51,1003.85,1364.24,1365.01,1365.05,2.34
1350,student,False,False,exited,374,1002.29,1002.29,1002.36,1005.35,1216.28,1217.81,1217.85,3.0
1351,visitor,False,False,exited,8,1002.35,1002.35,1002.93,1004.99,1049.9,1050.32,1050.71,2.06
1352,staff,False,False,exited,114,1002.47,1002.47,1002.57,1004.5,1361.59,1362.36,1362.46,1.92
1353,student,False,False,exited,283,1006.79,1006.79,1006.94,1009.6,1142.52,1143.8,1143.85,2.66
1354,staff,False,False,parked,91,1007.69,1007.69,1007.7,1009.67,nan,nan,nan,1.96
1355,visitor,False,False,exited,4,1007.75,1007.75,1007.97,1009.67,1121.84,1122.22,1122.52,1.7
1356,student,True,False,exited,208,1008.54,1008.54,1008.63,1010.77,1178.0,1179.02,1179.06,2.14
1357,staff,False,False,parked,115,1009.8,1009.8,1009.95,1012.12,nan,nan,nan,2.16
1358,visitor,False,False,exited,10,1010.08,1010.08,1010.47,1011.68,1160.77,1161.2,1161.48,1.2
1359,student,False,False,exited,289,1010.25,1010.25,1010.33,1012.87,1129.53,1130.83,1130.91,2.54
1360,visitor,False,False,exited,11,1010.26,1010.33,1010.5,1012.27,1188.82,1189.25,1189.94,1.76
1361,student,False,False,exited,308,1010.53,1010.53,1010.67,1013.02,1324.74,1326.09,1326.15,2.35
1362,staff,True,False,exited,224,1012.04,1012.04,1012.19,1015.24,1401.27,1402.35,1402.46,3.05
1363,staff,False,False,parked,103,1012.28,1012.28,1012.4,1014.07,nan,nan,nan,1.67
1364,student,False,False,parked,345,1012.46,1012.46,1012.7,1015.79,nan,nan,nan,3.09
1365,student,True,False,exited,196,1013.94,1013.94,1014.03,1016.09,1299.68,1300.68,1300.82,2.07
1366,student,False,False,exited,352,1014.18,1014.18,1014.29,1016.89,1204.83,1206.29,1206.38,2.6
1367,student,False,False,exited,356,1014.75,1014.75,1014.84,1017.65,1310.43,1311.91,1311.96,2.82
1368,student,False,False,exited,368,1014.94,1014.94,1015.0,1017.74,1188.58,1190.09,1190.13,2.74
1369,student,False,False,exited,372,1015.84,1015.84,1015.9,1018.91,1338.68,1340.19,1340.28,3.01
1370,student,False,False,exited,376,1016.15,1016.15,1016.19,1019.36,1042.16,1043.69,1043.71,3.17
1371,student,False,False,exited,408,1016.17,1016.17,1016.28,1018.97,1331.05,1332.66,1332.84,2.69
1372,student,False,False,exited,413,1016.6,1016.6,1016.72,1019.91,1166.5,1168.13,1168.25,3.2
1373,visitor,False,False,exited,13,1016.84,1016.84,1017.1,1018.49,1073.87,1074.32,1074.71,1.39
1374,student,False,False,exited,436,1017.52,1017.52,1017.57,1020.04,1383.45,1385.14,1385.24,2.47
1375,student,False,False,exited,438,1017.86,1017.86,1017.96,1021.15,1179.91,1181.6,1181.65,3.19
1376,student,False,False,exited,443,1018.13,1018.13,1018.18,1021.11,1305.57,1307.28,1307.39,2.93
1377,student,False,False,parked,445,1018.31,1018.31,1018.37,1021.2,nan,nan,nan,2.82
1378,staff,False,False,parked,116,1018.47,1018.47,1018.55,1020.45,nan,nan,nan,1.89
1379,student,False,False,exited,448,1018.54,1018.54,1018.71,1021.17,1301.08,1302.8,1302.86,2.46
1380,student,False,False,exited,447,1018.55,1018.55,1018.67,1021.02,1243.38,1245.1,1245.18,2.36
1381,visitor,False,False,exited,3,1018.63,1018.67,1019.48,1021.18,1103.48,1103.84,1104.43,1.7
1382,staff,False,False,parked,117,1019.61,1019.61,1019.71,1022.94,nan,nan,nan,3.22
1383,staff,False,False,parked,41,1023.05,1023.05,1023.07,1024.67,nan,nan,nan,1.6
1384,staff,False,False,exited,118,1023.62,1023.62,1023.68,1026.12,1394.12,1394.9,1395.0,2.44
1385,visitor,False,False,exited,14,1024.01,1024.01,1024.53,1026.4,1078.73,1079.19,1079.65,1.87
1386,student,False,False,exited,329,1024.2,1024.2,1024.32,1027.54,1363.2,1364.6,1364.7,3.23
1387,student,False,False,exited,328,1025.43,1025.43,1025.53,1028.14,1130.77,1132.17,1132.22,2.61
1388,student,False,False,exited,340,1026.44,1026.44,1026.52,1029.68,1214.72,1216.15,1216.22,3.16
1389,student,False,False,exited,421,1026.64,1026.64,1026.72,1030.12,1087.62,1089.28,1089.41,3.4
1390,student,False,False,exited,342,1027.64,1027.64,1027.85,1030.93,1177.02,1178.45,1178.49,3.08
1391,student,False,False,exited,449,1027.87,1027.87,1028.02,1030.82,1234.56,1236.29,1236.38,2.8
1392,staff,False,False,exited,119,1028.85,1028.85,1028.93,1031.11,1345.44,1346.23,1346.26,2.18
1393,staff,False,False,parked,121,1029.27,1029.27,1029.34,1031.89,nan,nan,nan,2.55
1394,staff,False,False,exited,122,1030.13,1030.13,1030.17,1032.46,1407.47,1408.26,1408.37,2.29
1395,student,False,False,exited,302,1030.51,1030.51,1030.58,1033.4,1235.24,1236.57,1236.81,2.82
1396,student,False,False,exited,375,1030.58,1030.58,1030.64,1033.74,1188.93,1190.46,1190.57,3.1
1397,student,False,False,exited,450,1030.97,1030.97,1031.08,1033.66,1313.29,1315.01,1315.13,2.58
1398,student,False,False,exited,456,1031.27,1031.27,1031.4,1034.44,1119.1,1120.84,1120.92,3.04
1399,visitor,False,False,exited,15,1031.86,1031.86,1032.09,1033.18,1180.36,1180.82,1181.07,1.09
1400,visitor,False,False,exited,17,1031.92,1031.92,1032.36,1034.43,1059.7,1060.16,1060.56,2.07
1401,visitor,False,False,exited,16,1032.11,1032.11,1032.27,1033.68,1198.23,1198.7,1199.04,1.41
1402,staff,False,False,parked,123,1032.93,1032.93,1033.01,1034.75,nan,nan,nan,1.74
1403,visitor,False,False,exited,18,1033.56,1033.56,1034.23,1035.68,1414.35,1414.82,1415.18,1.46
1404,student,False,False,exited,377,1033.68,1033.68,1033.8,1036.97,1159.02,1160.56,1160.61,3.16
1405,student,False,False,exited,457,1033.72,1033.8,1033.86,1036.53,1232.84,1234.59,1234.67,2.67
1406,student,False,False,exited,306,1034.45,1034.45,1034.55,1037.04,1193.26,1194.59,1194.64,2.5
1407,student,False,False,exited,416,1036.36,1036.36,1036.41,1039.43,1132.61,1134.25,1134.3,3.02
1408,student,True,False,exited,233,1036.41,1036.41,1036.52,1039.02,1393.78,1394.89,1394.97,2.51
1409,student,False,False,exited,365,1037.48,1037.48,1037.53,1040.51,1134.76,1136.26,1136.36,2.98
1410,visitor,False,False,exited,19,1038.5,1038.5,1039.16,1041.05,1088.54,1089.02,1089.38,1.89
1411,student,False,False,exited,420,1039.24,1039.24,1039.35,1042.31,1167.82,1169.46,1169.48,2.95
1412,visitor,False,False,exited,5,1040.86,1040.86,1041.22,1042.97,1137.8,1138.18,1138.76,1.75
1413,staff,False,False,exited,124,1040.87,1040.87,1040.97,1043.34,1313.22,1314.02,1314.1,2.37
1414,staff,False,False,parked,132,1041.46,1041.46,1041.52,1044.01,nan,nan,nan,2.5
1415,staff,False,False,exited,133,1041.65,1041.65,1041.86,1043.92,1351.8,1352.62,1352.7,2.06
1416,student,False,False,exited,355,1042.25,1042.25,1042.33,1044.52,1132.82,1134.3,1134.42,2.19
1417,staff,False,False,parked,134,1042.7,1042.7,1042.89,1045.7,nan,nan,nan,2.81
1418,student,False,False,exited,376,1043.52,1043.52,1043.63,1046.51,1262.24,1263.77,1263.82,2.88
1419,visitor,False,False,exited,21,1045.31,1045.31,1045.85,1047.52,1130.4,1130.88,1131.02,1.67
1420,student,False,False,exited,353,1045.5,1045.5,1045.61,1048.09,1116.35,1117.81,1117.89,2.48
1421,student,True,False,exited,239,1045.69,1045.69,1045.79,1048.64,1249.7,1250.83,1250.91,2.85
1422,staff,False,False,parked,94,1046.09,1046.09,1046.23,1048.82,nan,nan,nan,2.59
1423,staff,False,False,exited,135,1046.2,1046.2,1046.3,1049.56,1399.52,1400.35,1400.45,3.26
1424,student,False,False,exited,354,1046.27,1046.27,1046.36,1049.44,1377.04,1378.51,1378.56,3.08
1425,staff,False,False,parked,138,1046.89,1046.89,1047.0,1048.95,nan,nan,nan,1.95
1426,student,False,False,parked,334,1047.58,1047.58,1047.72,1050.26,nan,nan,nan,2.54
1427,staff,False,False,exited,140,1048.05,1048.05,1048.1,1050.01,1299.63,1300.47,1300.53,1.91
1428,student,True,False,exited,241,1048.14,1048.14,1048.26,1050.74,1197.87,1199.01,1199.06,2.48
1429,student,True,False,exited,405,1048.53,1048.53,1048.6,1051.42,1405.91,1407.52,1407.59,2.82
1430,student,False,False,exited,435,1048.68,1048.68,1048.76,1051.19,1220.86,1222.55,1222.65,2.43
1431,student,False,False,exited,431,1048.7,1048.7,1048.73,1051.83,1121.06,1122.73,1122.81,3.1
1432,student,False,False,exited,444,1048.87,1048.87,1048.96,1052.34,1154.06,1155.77,1155.87,3.37
1433,student,False,False,exited,360,1049.18,1049.18,1049.31,1051.83,1120.49,1121.97,1122.12,2.53
1434,student,False,False,exited,350,1049.86,1049.86,1049.95,1052.68,1280.71,1282.17,1282.24,2.73
1435,student,False,False,exited,358,1050.35,1050.35,1050.46,1053.0,1177.62,1179.1,1179.18,2.54
1436,student,False,False,exited,411,1050.49,1050.49,1050.55,1052.91,1356.27,1357.89,1357.96,2.37
1437,student,False,False,exited,285,1051.17,1051.17,1051.29,1053.34,1180.13,1181.41,1181.47,2.04
1438,staff,False,False,exited,127,1051.76,1051.76,1051.86,1054.83,1435.92,1436.72,1436.79,2.98
1439,visitor,False,False,exited,8,1052.23,1052.23,1052.5,1053.78,1143.5,1143.91,1144.15,1.28
1440,student,False,False,exited,307,1052.43,1052.43,1052.46,1054.68,1207.81,1209.15,1209.22,2.22
1441,visitor,False,False,exited,22,1053.01,1053.01,1053.45,1054.84,1248.0,1248.49,1248.74,1.38
1442,student,True,False,exited,202,1055.58,1055.58,1055.68,1057.58,1316.57,1317.59,1317.78,1.91
1443,student,False,False,exited,297,1057.07,1057.07,1057.09,1059.61,1279.23,1280.55,1280.57,2.51
1444,staff,False,False,parked,85,1057.56,1057.56,1057.64,1060.78,nan,nan,nan,3.14
1445,staff,False,False,parked,141,1057.61,1057.61,1057.7,1061.04,nan,nan,nan,3.34
1446,staff,False,False,parked,142,1057.86,1057.86,1057.94,1060.69,nan,nan,nan,2.75
1447,student,False,False,exited,309,1058.26,1058.26,1058.33,1060.43,1381.33,1382.67,1382.8,2.1
1448,staff,False,False,parked,146,1058.28,1058.28,1058.33,1060.56,nan,nan,nan,2.23
1449,student,False,False,exited,338,1058.89,1058.89,1059.01,1061.65,1178.64,1180.07,1180.12,2.65
1450,student,False,False,exited,361,1059.19,1059.19,1059.26,1061.54,1174.27,1175.76,1175.83,2.28
1451,student,False,False,exited,380,1059.75,1059.75,1059.8,1062.54,1247.27,1248.81,1248.87,2.74
1452,visitor,False,False,exited,17,1060.31,1060.31,1060.61,1061.71,1090.8,1091.26,1091.62,1.1
1453,student,False,False,exited,391,1060.37,1060.37,1060.45,1063.26,1139.72,1141.3,1141.36,2.81
1454,staff,False,False,parked,148,1062.3,1062.3,1062.43,1065.64,nan,nan,nan,3.21
1455,staff,False,False,parked,152,1062.49,1062.49,1062.57,1065.96,nan,nan,nan,3.39
1456,staff,True,False,parked,228,1063.31,1063.31,1063.4,1065.69,nan,nan,nan,2.29
1457,staff,False,False,exited,157,1064.19,1064.19,1064.22,1067.11,1387.1,1387.98,1388.02,2.9
1458,staff,True,False,parked,84,1064.71,1064.71,1064.88,1067.7,nan,nan,nan,2.82
1459,student,True,False,parked,315,1064.84,1064.84,1064.91,1067.82,nan,nan,nan,2.92
1460,student,False,True,parked,42,1064.88,1064.88,1064.94,1066.31,nan,nan,nan,1.38
1461,student,False,False,exited,357,1065.63,1065.63,1065.7,1067.84,1288.42,1289.89,1289.99,2.14
1462,student,False,False,exited,341,1066.25,1066.25,1066.35,1069.26,1261.98,1263.42,1263.54,2.91
1463,student,False,False,exited,373,1066.91,1066.91,1067.1,1069.45,1181.13,1182.65,1182.75,2.35
1464,student,False,False,exited,280,1066.93,1066.93,1067.02,1069.16,1221.87,1223.14,1223.18,2.14
1465,student,False,False,exited,344,1068.04,1068.04,1068.13,1070.85,1268.23,1269.67,1269.73,2.72
1466,student,False,False,exited,399,1068.73,1068.73,1068.79,1070.96,1177.06,1178.65,1178.79,2.17
1467,student,False,False,exited,417,1068.9,1068.9,1068.97,1071.95,1337.92,1339.56,1339.69,2.98
1468,visitor,False,True,exited,58,1069.23,1069.23,1069.45,1070.75,1138.51,1139.12,1139.38,1.3
1469,student,False,False,exited,441,1069.33,1069.33,1069.38,1072.42,1273.78,1275.49,1275.6,3.04
1470,visitor,False,False,exited,9,1071.37,1071.37,1072.4,1073.83,1144.35,1144.77,1145.25,1.43
1471,visitor,False,False,exited,6,1071.85,1071.85,1072.09,1073.37,1200.79,1201.18,1201.34,1.28
1472,student,False,False,exited,333,1072.97,1072.97,1073.26,1075.4,1261.83,1263.25,1263.32,2.14
1473,staff,False,False,exited,43,1073.68,1073.68,1073.82,1076.43,1408.7,1409.28,1409.38,2.61
1474,student,False,False,exited,442,1073.81,1073.81,1073.87,1077.09,1359.53,1361.24,1361.29,3.22
1475,staff,True,False,parked,219,1076.2,1076.2,1076.31,1079.66,nan,nan,nan,3.34
1476,student,False,False,exited,349,1076.74,1076.74,1076.85,1078.84,1277.68,1279.14,1279.2,1.99
1477,student,False,False,exited,395,1076.93,1076.93,1077.07,1079.71,1173.66,1175.24,1175.31,2.65
1478,student,False,False,exited,446,1077.36,1077.36,1077.52,1080.46,1237.06,1238.78,1238.85,2.94
1479,student,False,False,exited,451,1077.64,1077.64,1077.67,1080.18,1162.5,1164.24,1164.33,2.51
1480,visitor,False,False,exited,1,1078.88,1078.88,1079.15,1080.13,1149.78,1150.13,1150.39,0.98
1481,staff,False,False,parked,55,1079.69,1079.69,1079.72,1082.23,nan,nan,nan,2.51
1482,staff,False,False,parked,105,1080.95,1080.95,1080.99,1083.11,nan,nan,nan,2.12
1483,visitor,False,True,exited,64,1083.48,1083.48,1084.08,1085.25,1167.94,1168.58,1168.99,1.18
1484,staff,False,False,exited,96,1084.87,1084.87,1084.98,1086.92,1395.21,1395.93,1395.99,1.93
1485,student,False,False,exited,311,1086.52,1086.52,1086.61,1089.02,1383.97,1385.33,1385.38,2.41
1486,staff,True,False,exited,125,1087.85,1087.85,1087.96,1090.98,1428.25,1429.05,1429.19,3.02
1487,student,False,False,exited,324,1088.4,1088.4,1088.49,1091.14,1174.48,1175.86,1175.91,2.65
1488,student,False,False,exited,327,1090.19,1090.19,1090.27,1092.65,1317.1,1318.49,1318.61,2.38
1489,student,False,False,parked,339,1090.53,1090.53,1090.62,1092.52,nan,nan,nan,1.9
1490,visitor,False,False,exited,13,1091.52,1091.52,1092.0,1093.71,1196.81,1197.26,1197.5,1.71
1491,student,False,False,exited,367,1091.71,1091.71,1091.84,1094.15,1396.08,1397.59,1397.63,2.31
1492,student,False,False,exited,371,1093.51,1093.51,1093.62,1096.41,1309.98,1311.5,1311.57,2.79
1493,student,False,False,exited,386,1094.12,1094.12,1094.19,1096.26,1168.75,1170.3,1170.4,2.07
1494,student,False,False,exited,398,1094.16,1094.16,1094.33,1096.46,1266.28,1267.87,1267.96,2.13
1495,student,False,False,exited,402,1094.46,1094.46,1094.59,1097.27,1222.11,1223.71,1223.76,2.67
1496,staff,False,False,parked,136,1095.18,1095.18,1095.37,1097.33,nan,nan,nan,1.96
1497,staff,False,False,parked,143,1095.88,1095.88,1095.98,1098.02,nan,nan,nan,2.04
1498,student,False,False,exited,403,1095.88,1095.88,1096.07,1098.77,1274.85,1276.46,1276.58,2.7
1499,student,True,False,exited,223,1096.09,1096.09,1096.14,1098.32,1197.51,1198.58,1198.74,2.18
1500,student,False,False,exited,419,1096.37,1096.37,1096.42,1098.71,1253.57,1255.21,1255.28,2.29
1501,student,False,False,exited,421,1096.57,1096.57,1096.64,1099.35,1432.84,1434.5,1434.57,2.7
1502,student,False,False,exited,299,1097.78,1097.78,1097.84,1100.23,1319.18,1320.5,1320.61,2.39
1503,staff,False,False,exited,154,1098.18,1098.18,1098.22,1100.63,1409.12,1409.99,1410.03,2.4
1504,staff,False,False,parked,155,1098.83,1098.83,1098.92,1101.63,nan,nan,nan,2.72
1505,student,False,False,exited,392,1098.86,1098.86,1099.02,1101.63,1287.9,1289.47,1289.49,2.61
1506,student,False,False,exited,332,1100.68,1100.68,1100.81,1103.34,1170.02,1171.43,1171.52,2.52
1507,student,False,False,exited,366,1102.16,1102.16,1102.37,1104.82,1228.76,1230.25,1230.38,2.45
1508,student,False,False,exited,423,1104.1,1104.1,1104.22,1106.78,1190.32,1191.97,1192.09,2.55
1509,visitor,False,False,exited,3,1104.17,1104.17,1104.83,1106.15,1171.69,1172.06,1172.22,1.32
1510,staff,False,False,parked,63,1104.44,1104.44,1104.59,1107.39,nan,nan,nan,2.8
1511,visitor,False,False,exited,7,1105.8,1105.8,1106.14,1107.4,1219.69,1220.09,1220.37,1.26
1512,visitor,False,False,exited,12,1105.95,1105.95,1106.64,1108.26,1227.5,1227.95,1228.55,1.62
1513,staff,False,False,parked,158,1106.33,1106.33,1106.54,1108.82,nan,nan,nan,2.29
1514,visitor,False,False,exited,14,1107.66,1107.66,1108.35,1110.21,1175.22,1175.68,1176.05,1.85
1515,student,False,False,exited,346,1108.63,1108.63,1108.74,1111.38,1218.14,1219.58,1219.68,2.64
1516,student,False,False,exited,397,1109.66,1109.66,1109.74,1112.49,1391.44,1393.03,1393.11,2.75
1517,student,False,False,exited,433,1109.88,1109.88,1109.93,1112.81,1235.81,1237.49,1237.56,2.88
1518,student,False,False,exited,295,1113.13,1113.13,1113.37,1115.57,1205.07,1206.38,1206.47,2.2
1519,student,False,False,exited,303,1113.42,1113.42,1113.62,1116.23,1335.26,1336.59,1336.73,2.61
1520,student,True,False,exited,195,1114.09,1114.09,1114.21,1116.06,1306.82,1307.82,1307.87,1.85
1521,staff,True,False,parked,144,1116.38,1116.38,1116.44,1118.62,nan,nan,nan,2.18
1522,staff,False,False,parked,51,1116.81,1116.81,1116.83,1119.39,nan,nan,nan,2.55
1523,student,False,False,exited,319,1118.58,1118.58,1118.68,1120.68,1311.74,1313.12,1313.23,2.0
1524,student,False,False,exited,353,1120.66,1120.66,1120.71,1123.11,1346.31,1347.78,1347.87,2.4
1525,staff,False,False,parked,137,1120.88,1120.88,1120.95,1123.8,nan,nan,nan,2.85
1526,student,False,False,exited,281,1125.11,1125.11,1125.18,1126.99,1314.47,1315.74,1315.78,1.81
1527,student,False,False,exited,322,1125.79,1125.79,1125.88,1128.22,1239.86,1241.24,1241.34,2.34
1528,student,False,False,exited,360,1126.55,1126.55,1126.64,1128.8,1278.47,1279.95,1280.09,2.16
1529,student,False,False,parked,363,1127.49,1127.49,1127.67,1130.13,nan,nan,nan,2.46
1530,student,False,False,exited,364,1127.58,1127.58,1127.69,1130.08,1229.51,1231.01,1231.09,2.39
1531,staff,False,False,parked,159,1128.72,1128.72,1128.96,1131.35,nan,nan,nan,2.39
1532,staff,False,False,parked,139,1128.87,1128.87,1128.89,1130.92,nan,nan,nan,2.03
1533,staff,False,False,parked,161,1130.05,1130.05,1130.17,1132.98,nan,nan,nan,2.81
1534,student,False,False,exited,289,1130.2,1130.2,1130.3,1132.4,1229.47,1230.77,1230.84,2.11
1535,staff,False,False,parked,162,1130.87,1130.87,1130.98,1132.76,nan,nan,nan,1.79
1536,staff,False,False,parked,164,1132.03,1132.03,1132.17,1134.37,nan,nan,nan,2.2
1537,student,False,False,exited,305,1132.37,1132.37,1132.44,1134.36,1247.97,1249.3,1249.45,1.92
1538,staff,False,False,parked,165,1133.39,1133.39,1133.53,1136.35,nan,nan,nan,2.82
1539,student,False,False,exited,328,1133.39,1133.39,1133.46,1135.96,1390.58,1391.97,1392.03,2.5
1540,student,False,False,exited,301,1134.52,1134.52,1134.71,1136.66,1329.14,1330.46,1330.52,1.95
1541,student,False,False,exited,355,1134.8,1134.8,1134.96,1136.93,1354.68,1356.16,1356.2,1.97
1542,student,True,False,exited,232,1135.8,1135.8,1135.85,1137.5,1377.21,1378.32,1378.38,1.65
1543,student,False,False,exited,365,1136.33,1136.33,1136.42,1138.98,1261.49,1262.99,1263.15,2.56
1544,student,False,False,parked,383,1136.96,1136.96,1137.02,1139.31,nan,nan,nan,2.29
1545,student,False,False,exited,279,1137.87,1137.87,1137.94,1140.35,1308.33,1309.6,1309.79,2.41
1546,visitor,False,True,exited,58,1139.69,1139.69,1139.94,1141.05,1204.36,1204.98,1205.12,1.11
1547,student,False,False,exited,278,1139.93,1139.93,1140.02,1141.82,1268.05,1269.31,1269.42,1.8
1548,student,False,False,exited,286,1140.26,1140.26,1140.32,1142.5,1265.86,1267.14,1267.21,2.18
1549,student,False,False,exited,290,1142.32,1142.32,1142.45,1144.54,1275.66,1276.96,1277.08,2.09
1550,visitor,False,False,exited,4,1145.34,1145.34,1145.76,1147.05,1197.19,1197.57,1197.87,1.3
1551,student,False,False,exited,283,1145.87,1145.87,1146.1,1147.78,1337.75,1339.03,1339.21,1.68
1552,visitor,False,False,exited,1,1151.12,1151.12,1151.62,1152.74,1288.34,1288.69,1289.18,1.12
1553,student,False,True,exited,70,1151.33,1151.33,1151.38,1152.42,1267.9,1268.55,1268.63,1.04
1554,student,False,False,parked,291,1151.73,1151.73,1151.89,1153.65,nan,nan,nan,1.77
1555,student,False,False,exited,316,1152.03,1152.03,1152.1,1154.49,1303.51,1304.87,1304.92,2.39
1556,student,False,False,exited,389,1152.48,1152.48,1152.63,1155.11,1298.16,1299.72,1299.79,2.49
1557,staff,False,False,parked,90,1152.78,1152.78,1152.93,1154.7,nan,nan,nan,1.77
1558,visitor,False,False,exited,5,1154.75,1154.75,1155.5,1156.31,1383.6,1383.98,1384.21,0.81
1559,student,False,False,exited,391,1157.37,1157.37,1157.56,1159.75,1375.72,1377.29,1377.31,2.2
1560,visitor,False,False,exited,8,1162.29,1162.29,1162.93,1163.77,1213.42,1213.84,1214.27,0.84
1561,student,False,False,exited,288,1162.7,1162.7,1162.74,1164.71,1306.74,1308.03,1308.17,1.97
1562,student,False,False,parked,293,1163.71,1163.71,1163.8,1165.67,nan,nan,nan,1.88
1563,student,False,False,exited,294,1164.2,1164.2,1164.24,1166.42,1394.81,1396.11,1396.21,2.18
1564,student,False,False,exited,298,1164.6,1164.6,1164.64,1166.52,1417.8,1419.11,1419.17,1.88
1565,staff,False,False,parked,78,1164.71,1164.71,1164.8,1166.32,nan,nan,nan,1.51
1566,student,False,False,parked,313,1167.83,1167.83,1167.92,1170.16,nan,nan,nan,2.24
1567,student,False,False,exited,318,1168.09,1168.09,1168.16,1169.86,1345.76,1347.13,1347.24,1.7
1568,student,False,False,exited,377,1168.77,1168.77,1168.88,1170.78,1358.17,1359.7,1359.8,1.91
1569,student,False,False,exited,332,1171.13,1171.13,1171.25,1173.13,1353.32,1354.73,1354.82,1.88
1570,student,False,False,exited,359,1174.27,1174.27,1174.41,1176.37,1362.35,1363.83,1363.99,1.96
1571,staff,False,False,parked,40,1178.54,1178.54,1178.59,1179.88,nan,nan,nan,1.29
1572,student,False,False,exited,285,1181.42,1181.42,1181.52,1183.09,1431.49,1432.77,1432.82,1.57
1573,student,False,False,exited,324,1183.79,1183.79,1183.93,1185.6,1395.49,1396.87,1396.94,1.67
1574,student,False,False,exited,325,1184.82,1184.82,1184.84,1186.9,1421.77,1423.16,1423.27,2.06
1575,student,False,False,parked,331,1185.27,1185.27,1185.37,1187.17,nan,nan,nan,1.8
1576,student,False,False,parked,335,1186.31,1186.31,1186.35,1188.18,nan,nan,nan,1.83
1577,staff,False,False,parked,69,1187.76,1187.76,1187.88,1189.52,nan,nan,nan,1.64
1578,visitor,False,False,exited,0,1188.6,1188.6,1189.32,1190.14,1244.4,1244.75,1244.98,0.82
1579,student,False,False,exited,338,1190.11,1190.11,1190.25,1191.96,1301.28,1302.71,1302.86,1.71
1580,visitor,False,False,exited,3,1191.71,1191.71,1192.29,1192.89,1338.88,1339.25,1339.44,0.6
1581,student,False,False,parked,306,1194.46,1194.46,1194.55,1196.31,nan,nan,nan,1.76
1582,staff,False,False,parked,77,1195.4,1195.4,1195.43,1197.01,nan,nan,nan,1.57
1583,staff,False,False,parked,68,1198.98,1198.98,1199.09,1200.44,nan,nan,nan,1.35
1584,staff,False,False,parked,73,1199.64,1199.64,1199.68,1201.23,nan,nan,nan,1.55
1585,staff,False,True,parked,64,1202.11,1202.11,1202.19,1203.19,nan,nan,nan,1.01
1586,student,False,False,exited,342,1203.03,1203.03,1203.11,1204.76,1353.52,1354.96,1355.05,1.65
1587,student,False,False,parked,295,1208.1,1208.1,1208.16,1209.8,nan,nan,nan,1.64
1588,student,False,False,exited,300,1209.72,1209.72,1209.8,1211.32,1338.19,1339.51,1339.64,1.52
1589,student,False,False,exited,304,1212.66,1212.66,1212.75,1214.36,1381.82,1383.15,1383.18,1.61
1590,staff,False,False,parked,54,1213.48,1213.48,1213.54,1214.51,nan,nan,nan,0.97
1591,student,False,False,parked,307,1213.66,1213.66,1213.73,1215.26,nan,nan,nan,1.53
1592,student,False,False,parked,323,1215.28,1215.28,1215.33,1217.12,nan,nan,nan,1.79
1593,student,False,False,exited,340,1215.96,1215.96,1215.98,1217.85,1355.65,1357.08,1357.1,1.87
1594,student,False,False,exited,347,1216.45,1216.45,1216.53,1218.46,1377.35,1378.8,1378.84,1.94
1595,staff,False,False,parked,74,1223.95,1223.95,1224.06,1225.51,nan,nan,nan,1.45
1596,staff,False,False,parked,80,1224.12,1224.12,1224.22,1225.81,nan,nan,nan,1.58
1597,student,False,False,exited,280,1238.36,1238.36,1238.4,1239.93,1359.27,1360.54,1360.66,1.53
1598,student,False,False,exited,284,1246.97,1246.97,1247.1,1248.58,1399.25,1400.53,1400.57,1.48
1599,student,False,False,exited,287,1248.16,1248.16,1248.31,1249.9,1433.48,1434.77,1434.87,1.59
1600,student,False,False,parked,289,1250.8,1250.8,1250.86,1252.29,nan,nan,nan,1.43
1601,staff,False,False,parked,108,1250.9,1250.9,1251.0,1251.98,nan,nan,nan,0.98
1602,student,False,False,parked,292,1251.06,1251.06,1251.18,1252.7,nan,nan,nan,1.52
1603,student,False,False,exited,296,1252.05,1252.05,1252.1,1253.52,1339.33,1340.64,1340.83,1.42
1604,student,False,False,exited,302,1255.04,1255.04,1255.15,1256.67,1408.1,1409.43,1409.57,1.52
1605,visitor,False,False,exited,0,1256.63,1256.63,1257.02,1257.56,1285.63,1285.98,1286.39,0.54
1606,staff,False,False,parked,48,1267.7,1267.7,1267.78,1268.88,nan,nan,nan,1.1
1607,student,False,False,exited,278,1278.35,1278.35,1278.44,1279.86,1397.24,1398.5,1398.58,1.43
1608,student,False,False,exited,277,1286.47,1286.47,1286.5,1287.92,1374.18,1375.43,1375.5,1.41
1609,student,False,False,exited,282,1291.65,1291.65,1291.81,1293.24,1423.59,1424.86,1424.94,1.43
1610,visitor,False,False,exited,0,1297.13,1297.13,1297.33,1297.74,1327.27,1327.62,1328.01,0.42
1611,student,False,False,exited,286,1303.7,1303.7,1303.77,1305.14,1385.23,1386.51,1386.6,1.37
1612,student,False,False,parked,290,1305.6,1305.6,1305.69,1307.12,nan,nan,nan,1.43
1613,visitor,False,False,exited,1,1306.85,1306.85,1307.25,1307.67,1351.02,1351.37,1351.97,0.42
1614,staff,False,False,parked,44,1312.6,1312.6,1312.72,1313.45,nan,nan,nan,0.74
1615,student,False,False,parked,279,1316.31,1316.31,1316.53,1317.89,nan,nan,nan,1.36
1616,student,False,False,parked,281,1327.07,1327.07,1327.17,1328.49,nan,nan,nan,1.32
1617,student,False,False,exited,288,1334.3,1334.3,1334.43,1335.75,1426.15,1427.44,1427.48,1.32
1618,student,False,False,exited,297,1337.27,1337.27,1337.41,1338.76,1428.1,1429.42,1429.51,1.34
1619,student,False,False,parked,283,1350.17,1350.17,1350.33,1351.65,nan,nan,nan,1.32
1620,visitor,False,False,parked,1,1364.69,1364.69,1365.33,1365.69,nan,nan,nan,0.37
1621,visitor,False,False,parked,0,1364.96,1364.96,1365.14,1365.5,nan,nan,nan,0.36
1622,student,False,False,parked,280,1369.23,1369.23,1369.48,1370.77,nan,nan,nan,1.3
1623,student,False,False,parked,277,1403.71,1403.71,1403.95,1405.21,nan,nan,nan,1.26
1624,student,False,False,parked,278,1410.32,1410.32,1410.48,1411.75,nan,nan,nan,1.27
1625,student,True,False,parked,195,1414.96,1414.96,1415.03,1416.03,nan,nan,nan,1.0
